Date,Open,High,Low,Close,Volume,Dividends,Stock Splits,Ticker
2014-01-01,10.93093184679909,11.895009272856472,10.562313848355789,10.604846954345703,1003488000.0,0.0,0.0,F
2014-02-01,10.718429058623084,11.06856424432119,10.289691623694413,10.997108459472656,712696400.0,0.0,0.0,F
2014-03-01,10.861346649880712,11.31152097345119,10.739871006308057,11.147171974182129,617354600.0,0.0,0.0,F
2014-04-01,11.1971887985377,11.783129535805495,11.097149853520941,11.540178298950195,664199500.0,0.0,0.0,F
2014-05-01,11.630362652300317,11.925622530035508,11.111857802670976,11.839205741882324,504923500.0,0.0,0.0,F
2014-06-01,11.889616736856004,12.494539797710923,11.795996939530495,12.415323257446289,558700700.0,0.0,0.0,F
2014-07-01,12.487340778479675,13.049055559095576,12.249692481598041,12.2568941116333,618952400.0,0.0,0.0,F
2014-08-01,12.366472773772083,12.707367645299765,12.127121732454302,12.627583503723145,420844900.0,0.0,0.0,F
2014-09-01,12.678356598681814,12.961227059023066,10.509690447597736,10.727282524108887,655672700.0,0.0,0.0,F
2014-10-01,10.712776872524458,10.756294873282103,9.617563939002233,10.219568252563477,910293700.0,0.0,0.0,F
2014-11-01,10.317905511926908,11.591178756143679,10.14228106269234,11.5106840133667,602657400.0,0.0,0.0,F
2014-12-01,11.547273002386646,11.803390810486997,10.193505650770197,11.342378616333008,593521500.0,0.0,0.0,F
2015-01-01,11.408238671310958,11.452144265982056,10.46426001148019,10.764284133911133,596890300.0,0.0,0.0,F
2015-02-01,10.903690100907381,12.286056856123496,10.89629759943852,12.079071044921875,524690500.0,0.0,0.0,F
2015-03-01,12.079071079169141,12.374764088884476,11.598569057147046,11.93122386932373,609978100.0,0.0,0.0,F
2015-04-01,11.946008613563288,11.946008613563288,11.60596130726191,11.679884910583496,539789600.0,0.0,0.0,F
2015-05-01,11.864624408356761,11.894472492326628,11.29751081292926,11.319896697998047,428759700.0,0.0,0.0,F
2015-06-01,11.439287025465061,11.68553385289117,11.0288754092101,11.200502395629883,578382200.0,0.0,0.0,F
2015-07-01,11.297511047884717,11.416903386247204,10.618465878087743,11.066187858581543,672444200.0,0.0,0.0,F
2015-08-01,11.284797928482158,11.337565623676296,7.869958820077378,10.455587387084961,596466400.0,0.0,0.0,F
2015-09-01,10.515894293816595,11.216954153039694,9.807296705379533,10.229439735412598,744638400.0,0.0,0.0,F
2015-10-01,10.372666509979325,11.940627643010394,10.116365046500144,11.164185523986816,668696500.0,0.0,0.0,F
2015-11-01,11.26256865047622,11.34633326765348,10.546760007285435,10.91227912902832,443767100.0,0.0,0.0,F
2015-12-01,10.904661338446664,11.133111097605212,10.204082464345387,10.729516983032227,587975700.0,0.0,0.0,F
2016-01-01,10.561987502786513,10.660982426752977,8.528785796158022,9.092294692993164,1087624700.0,0.0,0.0,F
2016-02-01,9.383205591886513,9.957847852200674,8.674742387252493,9.84764289855957,795878200.0,0.0,0.0,F
2016-03-01,10.241234265819743,10.910338271409273,10.012951599089083,10.626953125,723070900.0,0.0,0.0,F
2016-04-01,10.453772435959719,11.193723631012974,9.753181225522532,10.67418384552002,736240700.0,0.0,0.0,F
2016-05-01,10.879458930067624,10.974962501338034,10.362147729270841,10.73620319366455,543642100.0,0.0,0.0,F
2016-06-01,10.688451685908278,10.783955256270705,9.5503661441816,10.004008293151855,778155400.0,0.0,0.0,F
2016-07-01,10.250725193927051,11.17392702274435,9.717496420559334,10.075634956359863,756186500.0,0.0,0.0,F
2016-08-01,10.145885592568357,10.15393168145789,9.5746263258051,10.137840270996094,726884900.0,0.0,0.0,F
2016-09-01,10.186115206876611,10.274620649481083,9.598764533274002,9.711406707763672,746043700.0,0.0,0.0,F
2016-10-01,9.703361817072317,10.081518801531123,9.333250154493369,9.445892333984375,657689600.0,0.0,0.0,F
2016-11-01,9.596156533998254,10.182679065708559,9.017780331990936,9.74278736114502,736856500.0,0.0,0.0,F
2016-12-01,9.962731363076562,10.752907360152149,9.840539542968953,9.881270408630371,709201400.0,0.0,0.0,F
2017-01-01,9.938295849246092,10.809933813993252,9.881273087984104,10.068634033203125,879509200.0,0.0,0.0,F
2017-02-01,10.30539700714287,10.570275222069945,10.115016554892375,10.37161636352539,586173700.0,0.0,0.0,F
2017-03-01,10.479221995007304,10.553718961035768,9.444543665493992,9.63492488861084,952495700.0,0.0,0.0,F
2017-04-01,9.634923680523821,9.684587792050989,9.171387499688281,9.494207382202148,779918200.0,0.0,0.0,F
2017-05-01,9.638941672879257,9.68088674961787,8.951045294494886,9.3285493850708,932923800.0,0.0,0.0,F
2017-06-01,9.43760421491678,9.680884647122097,9.152378715082484,9.387269973754883,850617600.0,0.0,0.0,F
2017-07-01,9.52988266759211,9.924165020927287,9.18593455512263,9.412437438964844,697037000.0,0.0,0.0,F
2017-08-01,9.43985421631902,9.516324814530563,8.89606473625514,9.371880531311035,760514500.0,0.0,0.0,F
2017-09-01,9.499329769702598,10.247040955415205,9.465342934457027,10.170570373535156,682274700.0,0.0,0.0,F
2017-10-01,10.196061441806282,10.586910496154596,10.085604012282827,10.4254732131958,874278600.0,0.0,0.0,F
2017-11-01,10.666756841090008,10.8818124291795,10.210839224044436,10.769984245300293,701585400.0,0.0,0.0,F
2017-12-01,10.856004904031568,11.019447594063474,10.563529202182375,10.744175910949707,597327400.0,0.0,0.0,F
2018-01-01,10.769983557123972,11.595796175063075,9.37642271342196,9.436638832092285,1142142300.0,0.0,0.0,F
2018-02-01,9.651398110830984,9.730724806519717,8.981529170097776,9.351719856262207,970377300.0,0.0,0.0,F
2018-03-01,9.386975781974877,10.08328665289478,8.937459254587584,9.76598072052002,1007233600.0,0.0,0.0,F
2018-04-01,9.748353706872985,10.338895133888323,9.43104691200409,9.90700626373291,882033000.0,0.0,0.0,F
2018-05-01,10.048860842240556,10.486544354480214,9.79875609979682,10.3168306350708,701227100.0,0.0,0.0,F
2018-06-01,10.424018269458085,10.85276925188241,9.852349441039834,9.888078689575195,762713500.0,0.0,0.0,F
2018-07-01,9.843416833155679,10.057792304012734,8.78940282366323,8.968049049377441,851569700.0,0.0,0.0,F
2018-08-01,9.11223918296137,9.148470714224864,8.469128855163449,8.586880683898926,858463900.0,0.0,0.0,F
2018-09-01,8.632170294066364,9.00354370461935,8.233623451085265,8.378549575805664,803729200.0,0.0,0.0,F
2018-10-01,8.541593020351613,8.758982235996042,7.400298342476424,8.650287628173828,1300409700.0,0.0,0.0,F
2018-11-01,8.796460847963058,9.03619689020265,8.261665602564454,8.676592826843262,873823100.0,0.0,0.0,F
2018-12-01,8.953210516141699,9.082299346334942,6.832470473513947,7.053765296936035,956262400.0,0.0,0.0,F
2019-01-01,6.94311765177533,8.353870794929716,6.897014438334357,8.114134788513184,1004292300.0,0.0,0.0,F
2019-02-01,8.2273530960083,8.424358401323369,7.655096522669121,8.2273530960083,730016300.0,0.0,0.0,F
2019-03-01,8.302402764557831,8.414977605085339,7.8239590213169405,8.236733436584473,944056400.0,0.0,0.0,F
2019-04-01,8.311783681361371,9.850308356222278,8.311783681361371,9.803401947021484,938067400.0,0.0,0.0,F
2019-05-01,9.989270351466304,10.00833428166489,8.883587852458623,9.074223518371582,800091600.0,0.0,0.0,F
2019-06-01,9.1695412304173,9.827232334504414,9.017033411793708,9.750977516174316,627584700.0,0.0,0.0,F
2019-07-01,9.855826438214534,10.065525124500734,8.959841720730546,9.083754539489746,891313400.0,0.0,0.0,F
2019-08-01,9.219333049494832,9.306399303898013,8.416390138465419,8.871068954467773,749401800.0,0.0,0.0,F
2019-09-01,8.880743349125844,9.335421250804487,8.745306848417027,8.861394882202148,659445200.0,0.0,0.0,F
2019-10-01,8.890416752739045,9.016179021297857,8.164865842074457,8.309976577758789,888712200.0,0.0,0.0,F
2019-11-01,8.495519215858542,8.996990103640144,8.495519215858542,8.908495903015137,669268700.0,0.0,0.0,F
2019-12-01,8.92816032930696,9.409966117261316,8.652842870151124,9.144481658935547,746135500.0,0.0,0.0,F
2020-01-01,9.134648980054978,9.262475182171334,8.584013104609646,8.672508239746094,1088852400.0,0.0,0.0,F
2020-02-01,8.850000381469727,9.239999771118164,6.670000076293945,6.960000038146973,1639965500.0,0.0,0.0,F
2020-03-01,7.110000133514404,7.340000152587891,3.9600000381469727,4.829999923706055,2622835900.0,0.0,0.0,F
2020-04-01,4.630000114440918,5.75,4.170000076293945,5.090000152587891,1954784400.0,0.0,0.0,F
2020-05-01,5.019999980926514,6.090000152587891,4.519999980926514,5.710000038146973,1805254600.0,0.0,0.0,F
2020-06-01,5.730000019073486,7.739999771118164,5.670000076293945,6.079999923706055,2162095800.0,0.0,0.0,F
2020-07-01,6.099999904632568,7.059999942779541,5.739999771118164,6.610000133514404,1641503600.0,0.0,0.0,F
2020-08-01,6.650000095367432,7.380000114440918,6.53000020980835,6.820000171661377,1114124800.0,0.0,0.0,F
2020-09-01,6.769999980926514,7.400000095367432,6.409999847412109,6.659999847412109,1285238800.0,0.0,0.0,F
2020-10-01,6.710000038146973,8.350000381469727,6.599999904632568,7.730000019073486,1420926300.0,0.0,0.0,F
2020-11-01,7.829999923706055,9.5,7.630000114440918,9.079999923706055,1434081400.0,0.0,0.0,F
2020-12-01,9.15999984741211,9.489999771118164,8.75,8.789999961853027,1237449300.0,0.0,0.0,F
2021-01-01,8.8100004196167,12.149999618530273,8.430000305175781,10.529999732971191,1923473000.0,0.0,0.0,F
2021-02-01,10.649999618530273,12.399999618530273,10.359999656677246,11.699999809265137,1454667900.0,0.0,0.0,F
2021-03-01,11.869999885559082,13.619999885559082,11.630000114440918,12.25,1683492600.0,0.0,0.0,F
2021-04-01,12.279999732971191,12.989999771118164,11.140000343322754,11.539999961853027,1329294700.0,0.0,0.0,F
2021-05-01,11.5600004196167,15.050000190734863,11.229999542236328,14.529999732971191,1943954700.0,0.0,0.0,F
2021-06-01,14.720000267028809,16.450000762939453,14.4399995803833,14.859999656677246,1924494500.0,0.0,0.0,F
2021-07-01,14.90999984741211,15.039999961853027,12.789999961853027,13.949999809265137,1241789900.0,0.0,0.0,F
2014-01-01,111.05887161666756,111.18673489328336,103.76150189541154,104.81181335449219,9045900.0,0.0,0.0,TM
2014-02-01,104.09029224344027,108.1454045250712,101.14942302788096,105.30500030517578,7753200.0,0.0,0.0,TM
2014-03-01,103.97156196042965,105.28673507951035,97.0943152999513,103.11305236816406,9660400.0,0.0,0.0,TM
2014-04-01,105.05327197476119,105.64852679336227,96.15234406062018,100.83998107910156,11322900.0,0.0,0.0,TM
2014-05-01,102.32811635039619,105.4625104939642,100.01220289020337,105.20208740234375,7703500.0,0.0,0.0,TM
2014-06-01,106.1414786453405,111.49877201399069,105.35089940845545,111.29415893554688,7452600.0,0.0,0.0,TM
2014-07-01,112.94040563948225,113.79608352902464,108.45738892740518,109.74090576171875,5568800.0,0.0,0.0,TM
2014-08-01,109.48048452733164,111.44296767210236,105.95545572928368,106.3274917602539,5419400.0,0.0,0.0,TM
2014-09-01,107.83423798103766,111.43366842492742,106.93205288294729,109.31307220458984,6340200.0,0.0,0.0,TM
2014-10-01,110.87263540195364,114.16290346939435,101.90430386603516,114.07829284667969,10715600.0,0.0,0.0,TM
2014-11-01,114.03129791108084,115.93965231946747,110.45900385373348,115.75163269042969,8026600.0,0.0,0.0,TM
2014-12-01,117.18994532173285,121.55189990854353,113.80566402833246,117.96080780029297,8056500.0,0.0,0.0,TM
2015-01-01,118.66587245670314,124.48494173766335,113.94668390496463,121.12887573242188,6699600.0,0.0,0.0,TM
2015-02-01,122.30396281635328,130.38861240243807,121.23227614132506,127.2581558227539,5867000.0,0.0,0.0,TM
2015-03-01,127.14536906275868,137.06318075687312,125.59424830179894,131.50732421875,7387200.0,0.0,0.0,TM
2015-04-01,131.89511961952505,136.195316663468,130.8176806893121,132.5530242919922,5451500.0,0.0,0.0,TM
2015-05-01,132.29558074969137,135.71857642832563,130.15024700780447,131.4755859375,5461000.0,0.0,0.0,TM
2015-06-01,131.38977908760256,131.56139880737427,125.78330212477856,127.5281753540039,4898500.0,0.0,0.0,TM
2015-07-01,127.49957847970451,130.04537296051853,121.98845522778922,127.25167846679688,5849100.0,0.0,0.0,TM
2015-08-01,126.27911899886278,127.18492370638464,103.99624899404668,112.87316131591797,7952500.0,0.0,0.0,TM
2015-09-01,110.20341720232285,117.669180697845,107.89599322225607,111.82433319091797,9865800.0,0.0,0.0,TM
2015-10-01,114.55166981431971,122.24709730428515,113.3335545529719,118.54440307617188,5929000.0,0.0,0.0,TM
2015-11-01,119.08578554811534,121.02897992019993,116.96857365948868,120.2845687866211,4932800.0,0.0,0.0,TM
2015-12-01,121.57036451503151,123.0495097182655,117.62597238919999,118.950439453125,6942900.0,0.0,0.0,TM
2016-01-01,117.48096310140419,118.19637258493633,105.31909776691036,116.04048919677734,8493600.0,0.0,0.0,TM
2016-02-01,116.01148440096611,116.75588818051523,99.13181430572293,100.63996124267578,10593500.0,0.0,0.0,TM
2016-03-01,101.80007662507418,106.6242186019838,101.40370052811643,102.78617095947266,8307800.0,0.0,0.0,TM
2016-04-01,101.92039884992722,106.29390628574457,96.33531652616637,100.1769027709961,10854900.0,0.0,0.0,TM
2016-05-01,100.98462722289945,103.25018475702566,96.55202053754036,101.8613052368164,10442900.0,0.0,0.0,TM
2016-06-01,102.67886619992704,108.35260469549222,96.9164791805118,98.49251556396484,11610800.0,0.0,0.0,TM
2016-07-01,98.08866082882669,111.1008228685934,97.00513627312978,109.92864227294922,7845800.0,0.0,0.0,TM
2016-08-01,110.4408563982227,119.94632878546669,107.44638354469384,118.82340240478516,8964500.0,0.0,0.0,TM
2016-09-01,119.76902576163224,120.26153760211622,112.66700592366921,114.32184600830078,6822900.0,0.0,0.0,TM
2016-10-01,114.48999786376953,117.18000030517578,114.08999633789062,115.66000366210938,4080600.0,0.0,0.0,TM
2016-11-01,115.76000213623047,118.80999755859375,109.94000244140625,118.52999877929688,5322000.0,0.0,0.0,TM
2016-12-01,117.69000244140625,123.18000030517578,116.69999694824219,117.19999694824219,4193100.0,0.0,0.0,TM
2017-01-01,118.16999816894531,121.38999938964844,115.06999969482422,115.75,4125200.0,0.0,0.0,TM
2017-02-01,115.83999633789062,116.1500015258789,111.12000274658203,113.1500015258789,5082700.0,0.0,0.0,TM
2017-03-01,114.81999969482422,114.9800033569336,108.41000366210938,108.62000274658203,5181700.0,0.0,0.0,TM
2017-04-01,108.62000274658203,110.33000183105469,104.16999816894531,108.13999938964844,5865300.0,0.0,0.0,TM
2017-05-01,108.29000091552734,110.3499984741211,105.69000244140625,107.54000091552734,5179700.0,0.0,0.0,TM
2017-06-01,107.83999633789062,109.62000274658203,103.62000274658203,105.0199966430664,5811100.0,0.0,0.0,TM
2017-07-01,105.80000305175781,113.0,105.6500015258789,112.83999633789062,4520600.0,0.0,0.0,TM
2017-08-01,114.12000274658203,114.48999786376953,111.29000091552734,112.9800033569336,4247800.0,0.0,0.0,TM
2017-09-01,112.73999786376953,121.80000305175781,112.62999725341797,119.16999816894531,3710700.0,0.0,0.0,TM
2017-10-01,118.83000183105469,124.44000244140625,118.81999969482422,124.0,3447600.0,0.0,0.0,TM
2017-11-01,124.29000091552734,128.11000061035156,122.48999786376953,126.33999633789062,3176700.0,0.0,0.0,TM
2017-12-01,125.4000015258789,128.44000244140625,122.62999725341797,127.16999816894531,2681800.0,0.0,0.0,TM
2018-01-01,127.43000030517578,140.99000549316406,127.16999816894531,137.9199981689453,4421400.0,0.0,0.0,TM
2018-02-01,138.24000549316406,139.47999572753906,131.30999755859375,134.60000610351562,4418000.0,0.0,0.0,TM
2018-03-01,133.47999572753906,133.55999755859375,124.45999908447266,130.3699951171875,4412700.0,0.0,0.0,TM
2018-04-01,128.9499969482422,131.8699951171875,124.44999694824219,130.97999572753906,4374100.0,0.0,0.0,TM
2018-05-01,130.69000244140625,138.67999267578125,126.36000061035156,127.97000122070312,3724500.0,0.0,0.0,TM
2018-06-01,131.2899932861328,137.55999755859375,127.0999984741211,128.80999755859375,3465800.0,0.0,0.0,TM
2018-07-01,127.5199966430664,135.57000732421875,127.0,131.83999633789062,2639600.0,0.0,0.0,TM
2018-08-01,132.5,133.17999267578125,121.41999816894531,124.08000183105469,4285900.0,0.0,0.0,TM
2018-09-01,122.16999816894531,125.88999938964844,119.0199966430664,124.3499984741211,3202700.0,0.0,0.0,TM
2018-10-01,124.5999984741211,126.0199966430664,114.13999938964844,117.05000305175781,6114400.0,0.0,0.0,TM
2018-11-01,116.9000015258789,122.31999969482422,114.55000305175781,121.4800033569336,4882500.0,0.0,0.0,TM
2018-12-01,123.26000213623047,123.81999969482422,111.12000274658203,116.08000183105469,4712300.0,0.0,0.0,TM
2019-01-01,114.68000030517578,126.63999938964844,114.29000091552734,123.16999816894531,3288100.0,0.0,0.0,TM
2019-02-01,122.43000030517578,123.72000122070312,116.4000015258789,121.04000091552734,3086500.0,0.0,0.0,TM
2019-03-01,120.4000015258789,122.27999877929688,116.80999755859375,118.0199966430664,3022500.0,0.0,0.0,TM
2019-04-01,119.45999908447266,125.43000030517578,119.45999908447266,123.5999984741211,2641800.0,0.0,0.0,TM
2019-05-01,123.94999694824219,123.94999694824219,117.05000305175781,117.58000183105469,3462700.0,0.0,0.0,TM
2019-06-01,117.58000183105469,126.0,117.44000244140625,123.98999786376953,2438300.0,0.0,0.0,TM
2019-07-01,126.62999725341797,133.16000366210938,125.31999969482422,129.0500030517578,3390000.0,0.0,0.0,TM
2019-08-01,130.1999969482422,131.39999389648438,125.63999938964844,130.6300048828125,2863900.0,0.0,0.0,TM
2019-09-01,131.39999389648438,138.41000366210938,130.5800018310547,134.49000549316406,3037100.0,0.0,0.0,TM
2019-10-01,134.6300048828125,139.08999633789062,129.74000549316406,138.5500030517578,3189000.0,0.0,0.0,TM
2019-11-01,139.6199951171875,145.41000366210938,139.4499969482422,140.2100067138672,2437700.0,0.0,0.0,TM
2019-12-01,141.35000610351562,144.02000427246094,139.6999969482422,140.5399932861328,2191700.0,0.0,0.0,TM
2020-01-01,142.0,143.75999450683594,138.50999450683594,138.83999633789062,3171900.0,0.0,0.0,TM
2020-02-01,138.67999267578125,144.38999938964844,128.0,130.75,4125100.0,0.0,0.0,TM
2020-03-01,131.0,133.99000549316406,108.01000213623047,119.94999694824219,9190400.0,0.0,0.0,TM
2020-04-01,118.0,128.7899932861328,113.9800033569336,123.58999633789062,4824100.0,0.0,0.0,TM
2020-05-01,121.63999938964844,129.32000732421875,115.19000244140625,126.01000213623047,4504400.0,0.0,0.0,TM
2020-06-01,124.9000015258789,132.1300048828125,123.83000183105469,125.62999725341797,4652900.0,0.0,0.0,TM
2020-07-01,124.76000213623047,128.14999389648438,118.66000366210938,119.33999633789062,4219500.0,0.0,0.0,TM
2020-08-01,119.62000274658203,136.91000366210938,119.51000213623047,132.42999267578125,3521200.0,0.0,0.0,TM
2020-09-01,131.8000030517578,136.30999755859375,129.58999633789062,132.44000244140625,3570200.0,0.0,0.0,TM
2020-10-01,132.6300048828125,133.82000732421875,129.27999877929688,131.2899932861328,2978500.0,0.0,0.0,TM
2020-11-01,133.05999755859375,144.64999389648438,132.66000366210938,134.4600067138672,3527100.0,0.0,0.0,TM
2020-12-01,135.60000610351562,156.3000030517578,135.17999267578125,154.57000732421875,5632900.0,0.0,0.0,TM
2021-01-01,155.80999755859375,155.80999755859375,140.0399932861328,140.52000427246094,6821600.0,0.0,0.0,TM
2021-02-01,140.16000366210938,163.3699951171875,139.2899932861328,147.92999267578125,8313600.0,0.0,0.0,TM
2021-03-01,149.2100067138672,159.5500030517578,145.5500030517578,156.05999755859375,8918000.0,0.0,0.0,TM
2021-04-01,153.60000610351562,157.97999572753906,149.89999389648438,150.77000427246094,5679300.0,0.0,0.0,TM
2021-05-01,151.47999572753906,166.77999877929688,150.25,165.97999572753906,5591700.0,0.0,0.0,TM
2021-06-01,171.47000122070312,185.3800048828125,171.02999877929688,174.83999633789062,7203400.0,0.0,0.0,TM
2021-07-01,174.7100067138672,181.86000061035156,173.0500030517578,179.83999633789062,4250500.0,0.0,0.0,TM
2014-01-01,31.44131515179919,31.7350155758651,27.731426075873724,27.886005401611328,540681600.0,0.0,0.0,GM
2014-02-01,28.032854458601236,28.697543502991177,26.556627630294336,27.97875213623047,580146400.0,0.0,0.0,GM
2014-03-01,27.592308593575847,29.408607801045182,25.946044013181407,26.603002548217773,510773700.0,0.0,0.0,GM
2014-04-01,26.90157989650089,27.837287618242275,24.71826386212623,26.885984420776367,494224900.0,0.0,0.0,GM
2014-05-01,27.034131998921197,27.626748069167203,25.700750302666133,26.963956832885742,264085600.0,0.0,0.0,GM
2014-06-01,26.932770419558224,28.99132558992625,26.737831437901665,28.305139541625977,325847200.0,0.0,0.0,GM
2014-07-01,28.501889654071697,29.995783001193583,26.55982890268127,26.591279983520508,305487500.0,0.0,0.0,GM
2014-08-01,26.56769417350312,27.519066909681886,25.789296389776688,27.361814498901367,203297500.0,0.0,0.0,GM
2014-09-01,27.42472158015332,27.629147651283045,24.90082878265027,25.11311912536621,262448500.0,0.0,0.0,GM
2014-10-01,25.356683956175566,27.157113539790853,22.858293386746276,24.90459442138672,447956300.0,0.0,0.0,GM
2014-11-01,24.86493655386742,26.60191338543598,24.238355296991415,26.514667510986328,188657500.0,0.0,0.0,GM
2014-12-01,26.419492037473994,28.11681099586797,24.032139164691337,27.688514709472656,296877400.0,0.0,0.0,GM
2015-01-01,28.223597462812613,29.167851876961517,25.89497077598968,26.103025436401367,322806300.0,0.0,0.0,GM
2015-02-01,26.143033515872002,30.552221718916517,25.95898435522543,29.856035232543945,325790900.0,0.0,0.0,GM
2015-03-01,29.856035896088382,31.200397932286915,29.391909526472055,30.008075714111328,290617700.0,0.0,0.0,GM
2015-04-01,30.06888718281431,30.214108776662595,28.18100954042816,28.285892486572266,397267700.0,0.0,0.0,GM
2015-05-01,28.3746309405525,29.51220090416165,27.84215288919805,29.020061492919922,248022900.0,0.0,0.0,GM
2015-06-01,29.092673122976088,29.47992961908379,26.67231771407215,26.89015007019043,301985800.0,0.0,0.0,GM
2015-07-01,27.396891360075784,27.396891360075784,24.364565639987475,25.685094833374023,421909400.0,0.0,0.0,GM
2015-08-01,25.913328758606877,26.288292808978323,20.06876871376929,23.99774742126465,388128600.0,0.0,0.0,GM
2015-09-01,23.785807385701347,25.929626878789378,23.133693851422795,24.47052574157715,356603300.0,0.0,0.0,GM
2015-10-01,24.994399985991755,29.755631250490378,24.738596153504233,28.806684494018555,323441300.0,0.0,0.0,GM
2015-11-01,28.781926955706442,30.432266753546457,28.212557710876688,29.871150970458984,212069900.0,0.0,0.0,GM
2015-12-01,29.664865505029795,30.135212206727218,27.67620570465718,28.06403350830078,238745800.0,0.0,0.0,GM
2016-01-01,27.89265061595365,27.967698231925542,23.614942867410292,24.715639114379883,376867600.0,0.0,0.0,GM
2016-02-01,24.565540373208325,25.224291221421595,22.255746980858422,24.548864364624023,327574900.0,0.0,0.0,GM
2016-03-01,25.032509871119608,27.000422518475865,24.11526236987065,26.208253860473633,269349800.0,0.0,0.0,GM
2016-04-01,26.325856140798635,28.208686370701333,24.637218816672075,26.849332809448242,249350000.0,0.0,0.0,GM
2016-05-01,27.060408082711998,27.1195101217978,25.47308996425559,26.4102840423584,210049700.0,0.0,0.0,GM
2016-06-01,26.300527049719545,26.300527049719545,23.083673269926063,23.89421844482422,303560000.0,0.0,0.0,GM
2016-07-01,24.531880433510597,28.106060252225948,23.53145166235149,26.968822479248047,295969400.0,0.0,0.0,GM
2016-08-01,26.968820223070015,27.43910652987254,25.498103597891756,27.293745040893555,262310700.0,0.0,0.0,GM
2016-09-01,27.242435822429474,27.8324308929122,25.763168635983927,27.16547966003418,299362600.0,0.0,0.0,GM
2016-10-01,27.378225889954273,28.62426612015113,26.72059446314864,27.34361457824707,244472800.0,0.0,0.0,GM
2016-11-01,27.43014293413647,30.26833956424796,26.140838264458676,29.878952026367188,314369400.0,0.0,0.0,GM
2016-12-01,30.121243465715143,32.656585294645254,30.000098092612316,30.147201538085938,310509400.0,0.0,0.0,GM
2017-01-01,30.596687139949047,33.57063752085336,30.474230948384925,32.02243423461914,287500800.0,0.0,0.0,GM
2017-02-01,32.083663324791246,33.32572283393015,30.36926991639625,32.22361373901367,287888900.0,0.0,0.0,GM
2017-03-01,32.538502850646225,33.71933425649715,29.55580695064338,30.9290714263916,397935200.0,0.0,0.0,GM
2017-04-01,31.24552273219196,31.28086915452919,29.487076985349077,30.60930061340332,249493100.0,0.0,0.0,GM
2017-05-01,30.600471167942487,30.618144382273005,28.205804559292673,29.981922149658203,322113200.0,0.0,0.0,GM
2017-06-01,30.096788720771343,30.971590697827388,29.20431016304899,30.865554809570312,260038700.0,0.0,0.0,GM
2017-07-01,30.843685249704556,32.728974758376374,30.78114039089509,32.148197174072266,204852000.0,0.0,0.0,GM
2017-08-01,31.99629986729782,32.82725679273589,30.906226608456752,32.648555755615234,193493000.0,0.0,0.0,GM
2017-09-01,32.818318566932945,36.35658464639595,32.72003282998587,36.0796012878418,275318700.0,0.0,0.0,GM
2017-10-01,37.01591142381302,42.20590165541876,36.8263647808462,38.79404830932617,358941400.0,0.0,0.0,GM
2017-11-01,38.559369829176696,40.93322361771817,37.32279583425735,38.893333435058594,270788400.0,0.0,0.0,GM
2017-12-01,38.98359246664517,39.1911916494919,36.73610311609029,36.997859954833984,233305300.0,0.0,0.0,GM
2018-01-01,37.5621517731628,41.46045335400012,37.480177979430415,38.6278076171875,278088700.0,0.0,0.0,GM
2018-02-01,38.36366940005846,39.67525009802393,35.81337861717596,35.840702056884766,267909800.0,0.0,0.0,GM
2018-03-01,36.05929991109526,36.05929991109526,31.423234204040952,33.09914016723633,288911100.0,0.0,0.0,GM
2018-04-01,33.21498100059331,36.49967565565582,32.4145101082246,33.803836822509766,221705000.0,0.0,0.0,GM
2018-05-01,33.822229356702735,39.351926853092124,32.46050775031164,39.28752136230469,236116800.0,0.0,0.0,GM
2018-06-01,39.545148844819614,41.40371607654722,36.22365017132721,36.25125503540039,279572100.0,0.0,0.0,GM
2018-07-01,36.27057636832252,37.58849217222306,33.653300322809194,35.18468475341797,229946700.0,0.0,0.0,GM
2018-08-01,35.1661170832366,35.56520500409231,32.678779895771,33.45839309692383,226191400.0,0.0,0.0,GM
2018-09-01,33.41198868665189,33.86676453491226,30.88752618626822,31.249488830566406,241380000.0,0.0,0.0,GM
2018-10-01,32.18071796523846,34.76080473995729,28.671800166360853,34.329227447509766,389476100.0,0.0,0.0,GM
2018-11-01,34.00085755461211,36.3557717775735,31.758524366357616,35.605201721191406,266802600.0,0.0,0.0,GM
2018-12-01,36.59032798070687,37.16263881150674,29.516197045476726,31.383243560791016,227541200.0,0.0,0.0,GM
2019-01-01,31.144376323145234,37.107790773238385,30.528127487025138,36.994022369384766,245901200.0,0.0,0.0,GM
2019-02-01,36.889733194658696,38.62471853411082,36.03646112334907,37.430137634277344,180097400.0,0.0,0.0,GM
2019-03-01,37.780925667743354,39.34525659341145,34.37732380812994,35.173709869384766,179459600.0,0.0,0.0,GM
2019-04-01,35.810034927510074,38.73037115082392,35.74301109290312,37.29413986206055,159149400.0,0.0,0.0,GM
2019-05-01,37.34201112120405,37.53350934463827,31.74071091403337,31.922632217407227,219724700.0,0.0,0.0,GM
2019-06-01,31.932205327072307,37.33243766909969,31.673686927117746,36.891990661621094,175430400.0,0.0,0.0,GM
2019-07-01,37.674434794834895,39.67767311789277,36.36797630298536,39.03895950317383,150765800.0,0.0,0.0,GM
2019-08-01,39.92928784947825,40.54864977896168,34.43248164301801,35.89377975463867,151235200.0,0.0,0.0,GM
2019-09-01,35.7002305018238,38.497022208725554,35.26474307355773,36.271202087402344,170562500.0,0.0,0.0,GM
2019-10-01,36.62547835320345,37.827755378583845,32.95022155143909,36.32246398925781,212810900.0,0.0,0.0,GM
2019-11-01,36.37133746515206,38.08189489944602,33.81038966470765,35.1886100769043,191233100.0,0.0,0.0,GM
2019-12-01,35.19838307889465,36.7720965163241,34.1720493632248,35.77508544921875,172043000.0,0.0,0.0,GM
2020-01-01,36.55407604808781,36.929497343823996,32.57264680884135,32.98758316040039,206959200.0,0.0,0.0,GM
2020-02-01,33.15553608724488,35.35865966506449,28.976514633973135,30.132413864135742,246628900.0,0.0,0.0,GM
2020-03-01,30.15217336927383,31.91071960077634,14.157294744448574,20.529560089111328,493637100.0,0.0,0.0,GM
2020-04-01,19.5,24.989999771118164,17.790000915527344,22.290000915527344,359992000.0,0.0,0.0,GM
2020-05-01,21.649999618530273,28.829999923706055,20.1200008392334,25.8799991607666,347650200.0,0.0,0.0,GM
2020-06-01,25.989999771118164,31.65999984741211,24.25,25.299999237060547,350991100.0,0.0,0.0,GM
2020-07-01,25.299999237060547,27.329999923706055,23.329999923706055,24.889999389648438,307215900.0,0.0,0.0,GM
2020-08-01,25.059999465942383,31.1200008392334,24.81999969482422,29.6299991607666,273155500.0,0.0,0.0,GM
2020-09-01,29.530000686645508,33.33000183105469,28.239999771118164,29.59000015258789,341924400.0,0.0,0.0,GM
2020-10-01,29.520000457763672,38.029998779296875,29.149999618530273,34.529998779296875,309205400.0,0.0,0.0,GM
2020-11-01,35.119998931884766,46.709999084472656,34.22999954223633,43.84000015258789,380303700.0,0.0,0.0,GM
2020-12-01,44.779998779296875,45.45000076293945,40.060001373291016,41.63999938964844,274301400.0,0.0,0.0,GM
2021-01-01,41.95000076293945,56.970001220703125,40.040000915527344,50.68000030517578,628836300.0,0.0,0.0,GM
2021-02-01,51.459999084472656,57.04999923706055,49.349998474121094,51.33000183105469,419120700.0,0.0,0.0,GM
2021-03-01,52.40999984741211,62.2400016784668,50.25,57.459999084472656,516563500.0,0.0,0.0,GM
2021-04-01,57.91999816894531,63.439998626708984,54.709999084472656,57.220001220703125,343319800.0,0.0,0.0,GM
2021-05-01,57.599998474121094,60.720001220703125,53.52000045776367,59.310001373291016,324490400.0,0.0,0.0,GM
2021-06-01,59.9900016784668,64.30000305175781,58.40999984741211,59.16999816894531,356983500.0,0.0,0.0,GM
2021-07-01,59.439998626708984,59.72999954223633,52.630001068115234,56.84000015258789,290378100.0,0.0,0.0,GM
2014-01-01,41.099998474121094,41.380001068115234,37.369998931884766,37.5099983215332,8304700.0,0.0,0.0,HMC
2014-02-01,37.15999984741211,37.369998931884766,35.41999816894531,36.04999923706055,11528900.0,0.0,0.0,HMC
2014-03-01,36.459999084472656,37.400001525878906,34.2400016784668,35.34000015258789,15640700.0,0.0,0.0,HMC
2014-04-01,35.27000045776367,35.70000076293945,32.41999816894531,33.29999923706055,24970900.0,0.0,0.0,HMC
2014-05-01,33.560001373291016,35.22999954223633,32.68000030517578,35.18000030517578,19037900.0,0.0,0.0,HMC
2014-06-01,35.279998779296875,35.91999816894531,34.459999084472656,34.9900016784668,10801500.0,0.0,0.0,HMC
2014-07-01,35.060001373291016,36.02000045776367,34.650001525878906,34.880001068115234,12366300.0,0.0,0.0,HMC
2014-08-01,34.93000030517578,34.97999954223633,33.54999923706055,34.04999923706055,15111800.0,0.0,0.0,HMC
2014-09-01,33.81999969482422,34.849998474121094,33.68000030517578,34.279998779296875,14444600.0,0.0,0.0,HMC
2014-10-01,34.13999938964844,34.15999984741211,29.299999237060547,32.119998931884766,38953400.0,0.0,0.0,HMC
2014-11-01,32.11000061035156,32.43000030517578,30.25,30.31999969482422,21958600.0,0.0,0.0,HMC
2014-12-01,30.389999389648438,31.25,28.829999923706055,29.520000457763672,33897100.0,0.0,0.0,HMC
2015-01-01,29.670000076293945,31.399999618530273,28.610000610351562,30.219999313354492,24424100.0,0.0,0.0,HMC
2015-02-01,31.350000381469727,33.720001220703125,30.90999984741211,33.13999938964844,17296100.0,0.0,0.0,HMC
2015-03-01,33.08000183105469,34.619998931884766,32.599998474121094,32.7599983215332,18895900.0,0.0,0.0,HMC
2015-04-01,32.689998626708984,36.439998626708984,32.41999816894531,33.529998779296875,17554600.0,0.0,0.0,HMC
2015-05-01,34.099998474121094,35.400001525878906,33.599998474121094,34.220001220703125,16429800.0,0.0,0.0,HMC
2015-06-01,34.34000015258789,34.61000061035156,32.0,32.400001525878906,11551700.0,0.0,0.0,HMC
2015-07-01,32.06999969482422,34.41999816894531,30.889999389648438,33.959999084472656,11631900.0,0.0,0.0,HMC
2015-08-01,34.79999923706055,35.9900016784668,29.0,31.479999542236328,17805100.0,0.0,0.0,HMC
2015-09-01,30.229999542236328,32.310001373291016,29.280000686645508,29.899999618530273,9779700.0,0.0,0.0,HMC
2015-10-01,30.0,33.869998931884766,29.75,33.130001068115234,10127900.0,0.0,0.0,HMC
2015-11-01,33.029998779296875,33.470001220703125,32.02000045776367,32.68000030517578,9309300.0,0.0,0.0,HMC
2015-12-01,33.18000030517578,33.41999816894531,31.18000030517578,31.93000030517578,10744900.0,0.0,0.0,HMC
2016-01-01,30.860000610351562,31.0,26.40999984741211,27.020000457763672,17342400.0,0.0,0.0,HMC
2016-02-01,27.6200008392334,27.93000030517578,24.559999465942383,25.709999084472656,15811300.0,0.0,0.0,HMC
2016-03-01,26.040000915527344,28.260000228881836,25.989999771118164,27.34000015258789,12791500.0,0.0,0.0,HMC
2016-04-01,26.34000015258789,28.739999771118164,25.530000686645508,26.959999084472656,15621900.0,0.0,0.0,HMC
2016-05-01,27.100000381469727,28.260000228881836,26.229999542236328,27.979999542236328,19336800.0,0.0,0.0,HMC
2016-06-01,27.809999465942383,27.809999465942383,24.520000457763672,25.329999923706055,20263100.0,0.0,0.0,HMC
2016-07-01,25.110000610351562,27.360000610351562,24.030000686645508,27.1200008392334,17499800.0,0.0,0.0,HMC
2016-08-01,27.1200008392334,31.059999465942383,27.1200008392334,30.809999465942383,14550000.0,0.0,0.0,HMC
2016-09-01,30.969999313354492,31.18000030517578,28.6200008392334,28.920000076293945,16753900.0,0.0,0.0,HMC
2016-10-01,28.959999084472656,30.5,28.899999618530273,29.829999923706055,14958100.0,0.0,0.0,HMC
2016-11-01,29.399999618530273,29.799999237060547,27.510000228881836,29.739999771118164,13477200.0,0.0,0.0,HMC
2016-12-01,29.610000610351562,30.65999984741211,29.09000015258789,29.190000534057617,13247600.0,0.0,0.0,HMC
2017-01-01,29.479999542236328,30.969999313354492,29.420000076293945,29.719999313354492,14255500.0,0.0,0.0,HMC
2017-02-01,30.229999542236328,32.16999816894531,29.889999389648438,30.969999313354492,18722500.0,0.0,0.0,HMC
2017-03-01,31.260000228881836,31.440000534057617,30.18000030517578,30.260000228881836,11365800.0,0.0,0.0,HMC
2017-04-01,30.200000762939453,30.209999084472656,28.15999984741211,29.100000381469727,15320900.0,0.0,0.0,HMC
2017-05-01,28.979999542236328,29.170000076293945,27.360000610351562,27.93000030517578,20997500.0,0.0,0.0,HMC
2017-06-01,28.040000915527344,28.729999542236328,27.06999969482422,27.389999389648438,16937900.0,0.0,0.0,HMC
2017-07-01,27.479999542236328,28.1299991607666,27.049999237060547,28.020000457763672,10190400.0,0.0,0.0,HMC
2017-08-01,28.799999237060547,28.950000762939453,27.360000610351562,28.100000381469727,11269100.0,0.0,0.0,HMC
2017-09-01,28.190000534057617,30.040000915527344,27.90999984741211,29.559999465942383,7893100.0,0.0,0.0,HMC
2017-10-01,29.559999465942383,31.149999618530273,29.559999465942383,31.09000015258789,9730200.0,0.0,0.0,HMC
2017-11-01,31.709999084472656,33.75,31.579999923706055,33.34000015258789,18351600.0,0.0,0.0,HMC
2017-12-01,33.400001525878906,34.45000076293945,33.040000915527344,34.08000183105469,8991200.0,0.0,0.0,HMC
2018-01-01,34.310001373291016,36.52000045776367,34.09000015258789,35.290000915527344,11352200.0,0.0,0.0,HMC
2018-02-01,35.099998474121094,37.290000915527344,33.849998474121094,36.09000015258789,20936900.0,0.0,0.0,HMC
2018-03-01,35.939998626708984,36.0099983215332,32.86000061035156,34.72999954223633,15582600.0,0.0,0.0,HMC
2018-04-01,34.380001068115234,35.439998626708984,33.779998779296875,34.36000061035156,12147900.0,0.0,0.0,HMC
2018-05-01,34.0,34.04999923706055,31.3700008392334,31.760000228881836,13992200.0,0.0,0.0,HMC
2018-06-01,31.889999389648438,32.7599983215332,29.110000610351562,29.270000457763672,10029400.0,0.0,0.0,HMC
2018-07-01,28.860000610351562,30.889999389648438,28.770000457763672,30.65999984741211,10811400.0,0.0,0.0,HMC
2018-08-01,30.850000381469727,30.950000762939453,29.200000762939453,29.6299991607666,12236100.0,0.0,0.0,HMC
2018-09-01,29.100000381469727,31.040000915527344,28.0,30.079999923706055,10456200.0,0.0,0.0,HMC
2018-10-01,30.3799991607666,30.56999969482422,26.040000915527344,28.5,22223800.0,0.0,0.0,HMC
2018-11-01,28.649999618530273,29.31999969482422,27.520000457763672,28.170000076293945,16307900.0,0.0,0.0,HMC
2018-12-01,28.719999313354492,28.780000686645508,25.299999237060547,26.450000762939453,18690300.0,0.0,0.0,HMC
2019-01-01,26.110000610351562,30.1200008392334,26.010000228881836,30.06999969482422,15281400.0,0.0,0.0,HMC
2019-02-01,29.34000015258789,29.700000762939453,26.479999542236328,28.270000457763672,13247200.0,0.0,0.0,HMC
2019-03-01,28.40999984741211,28.459999084472656,26.809999465942383,27.170000076293945,9268500.0,0.0,0.0,HMC
2019-04-01,27.700000762939453,28.979999542236328,27.56999969482422,27.889999389648438,8638100.0,0.0,0.0,HMC
2019-05-01,27.950000762939453,28.020000457763672,24.43000030517578,24.610000610351562,15120400.0,0.0,0.0,HMC
2019-06-01,24.639999389648438,26.09000015258789,24.639999389648438,25.84000015258789,11482400.0,0.0,0.0,HMC
2019-07-01,26.290000915527344,26.600000381469727,24.770000457763672,24.8799991607666,10937100.0,0.0,0.0,HMC
2019-08-01,25.1200008392334,25.229999542236328,22.8700008392334,23.65999984741211,15816900.0,0.0,0.0,HMC
2019-09-01,24.020000457763672,27.139999389648438,23.969999313354492,26.079999923706055,16286800.0,0.0,0.0,HMC
2019-10-01,26.549999237060547,27.530000686645508,25.149999618530273,26.969999313354492,16926100.0,0.0,0.0,HMC
2019-11-01,27.34000015258789,29.440000534057617,27.329999923706055,28.1200008392334,12442600.0,0.0,0.0,HMC
2019-12-01,28.229999542236328,29.389999389648438,27.860000610351562,28.309999465942383,9814400.0,0.0,0.0,HMC
2020-01-01,28.600000381469727,28.649999618530273,25.520000457763672,25.600000381469727,10221700.0,0.0,0.0,HMC
2020-02-01,25.860000610351562,27.3799991607666,25.059999465942383,25.65999984741211,13175400.0,0.0,0.0,HMC
2020-03-01,25.549999237060547,26.270000457763672,19.3799991607666,22.459999084472656,31533600.0,0.0,0.0,HMC
2020-04-01,21.190000534057617,24.420000076293945,19.75,24.049999237060547,20998600.0,0.0,0.0,HMC
2020-05-01,22.920000076293945,27.079999923706055,22.040000915527344,26.049999237060547,23644500.0,0.0,0.0,HMC
2020-06-01,26.0,28.3799991607666,25.200000762939453,25.559999465942383,17587100.0,0.0,0.0,HMC
2020-07-01,25.18000030517578,26.6299991607666,24.149999618530273,24.350000381469727,13222800.0,0.0,0.0,HMC
2020-08-01,24.6200008392334,26.170000076293945,24.139999389648438,25.579999923706055,14964700.0,0.0,0.0,HMC
2020-09-01,25.40999984741211,26.110000610351562,23.100000381469727,23.700000762939453,14906400.0,0.0,0.0,HMC
2020-10-01,23.639999389648438,24.950000762939453,23.229999542236328,23.6200008392334,10863000.0,0.0,0.0,HMC
2020-11-01,24.260000228881836,29.799999237060547,24.170000076293945,27.719999313354492,14575300.0,0.0,0.0,HMC
2020-12-01,27.8799991607666,30.209999084472656,27.860000610351562,28.25,12919100.0,0.0,0.0,HMC
2021-01-01,28.0,28.530000686645508,26.329999923706055,26.479999542236328,14143700.0,0.0,0.0,HMC
2021-02-01,26.610000610351562,29.989999771118164,26.399999618530273,27.670000076293945,18544100.0,0.0,0.0,HMC
2021-03-01,28.299999237060547,31.920000076293945,28.190000534057617,30.200000762939453,21133900.0,0.0,0.0,HMC
2021-04-01,30.139999389648438,30.920000076293945,29.139999389648438,29.81999969482422,19911700.0,0.0,0.0,HMC
2021-05-01,30.020000457763672,31.530000686645508,29.459999084472656,31.260000228881836,21143700.0,0.0,0.0,HMC
2021-06-01,30.899999618530273,33.31999969482422,30.899999618530273,32.18000030517578,16281600.0,0.0,0.0,HMC
2021-07-01,32.18000030517578,32.689998626708984,30.780000686645508,32.099998474121094,11262500.0,0.0,0.0,HMC
2014-01-01,61.89010071637668,65.2796532035799,59.87960021241841,60.67799377441406,826400.0,0.0,0.0,DDAIF
2014-02-01,60.04652756194375,67.63853285431455,58.55860830950088,67.06513977050781,842100.0,0.0,0.0,DDAIF
2014-03-01,65.51915697517728,69.54016288107415,63.87156340122075,68.78531646728516,906100.0,0.0,0.0,DDAIF
2014-04-01,69.95387933585464,71.09340592164905,62.94252619085957,67.3264389038086,986700.0,0.0,0.0,DDAIF
2014-05-01,69.2994510112245,71.52597036065717,66.16583224526825,71.3310546875,529600.0,0.0,0.0,DDAIF
2014-06-01,71.04617578767363,72.13319999116396,68.9021262859957,69.99664306640625,755700.0,0.0,0.0,DDAIF
2014-07-01,70.53639960046989,71.9682710723859,61.555362309162014,61.64532470703125,782300.0,0.0,0.0,DDAIF
2014-08-01,61.57785205022518,62.93475201008081,58.564183187691185,61.188026428222656,935700.0,0.0,0.0,DDAIF
2014-09-01,60.918143241020594,63.8943319768315,56.75747536005901,57.19978332519531,922800.0,0.0,0.0,DDAIF
2014-10-01,56.967388206280525,58.57168060552311,52.63429906891364,58.45173645019531,1197300.0,0.0,0.0,DDAIF
2014-11-01,58.10688975518172,63.28710349038458,56.72000219976567,62.89727783203125,788300.0,0.0,0.0,DDAIF
2014-12-01,63.129666037821984,64.57652835872548,60.1834647613511,61.77276611328125,1001300.0,0.0,0.0,DDAIF
2015-01-01,62.07265092130114,68.83466882347902,58.99150812214914,67.552734375,1103200.0,0.0,0.0,DDAIF
2015-02-01,68.39234942392824,73.04779622519429,67.83009731189817,72.17817687988281,1480100.0,0.0,0.0,DDAIF
2015-03-01,72.68795079636251,76.2039024250208,70.64884893205385,72.42556762695312,1062500.0,0.0,0.0,DDAIF
2015-04-01,72.62048662008276,73.72249598213989,68.1824388273741,72.32061767578125,800600.0,0.0,0.0,DDAIF
2015-05-01,74.55120043851191,77.30208170791002,72.05460374432863,72.55546569824219,665600.0,0.0,0.0,DDAIF
2015-06-01,72.75580800170522,75.35258069340587,68.91844706092401,70.86795043945312,886300.0,0.0,0.0,DDAIF
2015-07-01,72.1778825292095,72.6556287263416,66.94581358467697,68.72579956054688,903100.0,0.0,0.0,DDAIF
2015-08-01,69.15730978766479,71.58455916211409,58.97057196244504,61.991146087646484,2096000.0,0.0,0.0,DDAIF
2015-09-01,60.51939764187218,66.84565424284935,54.38577981392917,56.13493728637695,1159900.0,0.0,0.0,DDAIF
2015-10-01,56.3583882184882,67.66242785301608,54.97909416119269,66.96893310546875,1007400.0,0.0,0.0,DDAIF
2015-11-01,67.83967022084262,69.08026437492948,62.41496173041399,68.80286407470703,428700.0,0.0,0.0,DDAIF
2015-12-01,68.9569708050082,68.9569708050082,61.72916644479749,64.4569320678711,709100.0,0.0,0.0,DDAIF
2016-01-01,62.11444369989184,62.12215089655555,52.78302147657104,53.96967697143555,629100.0,0.0,0.0,DDAIF
2016-02-01,52.80613509382907,56.01934814756795,50.25559983404807,52.37462615966797,709200.0,0.0,0.0,DDAIF
2016-03-01,53.807862362808386,59.81818842770633,53.55357777682448,59.20174789428711,869500.0,0.0,0.0,DDAIF
2016-04-01,57.99967556791189,58.315605957769165,51.9354111348674,53.75392150878906,969000.0,0.0,0.0,DDAIF
2016-05-01,57.12518163975346,57.32832950305332,51.185137000940955,55.43498992919922,596500.0,0.0,0.0,DDAIF
2016-06-01,54.74428657302536,55.99567811236484,47.30907378907238,48.75548553466797,1270500.0,0.0,0.0,DDAIF
2016-07-01,49.50307135417367,55.66251624560091,45.960175113752136,55.19121170043945,879500.0,0.0,0.0,DDAIF
2016-08-01,55.26435657699533,57.82402136270652,53.338512248785946,56.18258285522461,599400.0,0.0,0.0,DDAIF
2016-09-01,56.68638658986515,58.88038123024122,54.573649862173134,57.39333724975586,629900.0,0.0,0.0,DDAIF
2016-10-01,57.59648132401086,59.15666166248768,56.19882919932139,57.99465560913086,565800.0,0.0,0.0,DDAIF
2016-11-01,58.20592770687087,58.20592770687087,53.82605995811167,53.956077575683594,610100.0,0.0,0.0,DDAIF
2016-12-01,53.87481995313143,60.80622458785362,53.48477329790717,60.253662109375,796100.0,0.0,0.0,DDAIF
2017-01-01,61.066244999020654,63.5527727011544,59.554824497838865,61.14750289916992,692900.0,0.0,0.0,DDAIF
2017-02-01,61.838209906668716,61.95197221701659,57.49084676242946,59.01039505004883,591800.0,0.0,0.0,DDAIF
2017-03-01,59.76610864571787,63.47152398498493,59.62796337593684,60.196781158447266,777300.0,0.0,0.0,DDAIF
2017-04-01,62.618623651528026,64.11602736999757,59.181404872641956,63.31627655029297,730900.0,0.0,0.0,DDAIF
2017-05-01,63.77570725305174,64.99234655332565,61.699761638051186,61.8529052734375,626400.0,0.0,0.0,DDAIF
2017-06-01,62.074113314345155,63.49494194475452,61.257349434150626,61.69125747680664,685200.0,0.0,0.0,DDAIF
2017-07-01,62.133668873872665,63.93735983470519,58.98572434341771,59.64083480834961,878400.0,0.0,0.0,DDAIF
2017-08-01,60.312971290578176,63.18866150164903,59.521730181970035,62.014564514160156,683100.0,0.0,0.0,DDAIF
2017-09-01,62.55055617421821,68.04670730713157,62.286811334881115,67.79146575927734,727500.0,0.0,0.0,DDAIF
2017-10-01,67.59578166405466,71.22868647956876,67.4851804520157,71.22017669677734,659300.0,0.0,0.0,DDAIF
2017-11-01,72.03693688042607,72.70055710064744,69.01661325107727,70.68417358398438,513900.0,0.0,0.0,DDAIF
2017-12-01,69.42499928141214,72.7431072249744,69.0506532020133,71.95186614990234,570600.0,0.0,0.0,DDAIF
2018-01-01,71.84976746049158,80.32370697685279,71.73916624360453,77.98401641845703,776200.0,0.0,0.0,DDAIF
2018-02-01,75.87404226826106,77.08217190184168,71.12659560603174,72.99835205078125,780200.0,0.0,0.0,DDAIF
2018-03-01,71.93485081977354,72.64951680527716,68.48912219963992,72.1730728149414,877600.0,0.0,0.0,DDAIF
2018-04-01,72.06246082990977,72.68354512991128,66.58333579323468,66.99171447753906,790900.0,0.0,0.0,DDAIF
2018-05-01,70.30863270908245,72.69684910947407,64.37401235907814,65.2538833618164,761200.0,0.0,0.0,DDAIF
2018-06-01,65.12818699395415,66.38514260490652,57.03878671082378,57.64032745361328,1517100.0,0.0,0.0,DDAIF
2018-07-01,58.35858555507234,62.695079017976354,57.79295865333306,62.1204719543457,1205200.0,0.0,0.0,DDAIF
2018-08-01,61.294469661561266,61.815209465066765,55.66511360598928,58.044349670410156,1329100.0,0.0,0.0,DDAIF
2018-09-01,55.99731403939555,61.061047180739045,55.85366225399827,56.58987808227539,957700.0,0.0,0.0,DDAIF
2018-10-01,57.14652910457643,59.022978966139505,50.46671283021114,53.05244827270508,2376200.0,0.0,0.0,DDAIF
2018-11-01,53.6270562236834,55.46759573794568,49.95495393306462,50.69116973876953,1461900.0,0.0,0.0,DDAIF
2018-12-01,53.24098928858468,53.25894618860597,45.789047026173506,47.378196716308594,2277100.0,0.0,0.0,DDAIF
2019-01-01,45.5825468817568,53.95924706203572,45.465828746468006,53.26792526245117,1348700.0,0.0,0.0,DDAIF
2019-02-01,54.28246411027661,54.740356486646235,48.51843292484916,53.91435623168945,1389500.0,0.0,0.0,DDAIF
2019-03-01,54.91991718576318,54.93787408484669,50.09860109201067,52.585575103759766,846400.0,0.0,0.0,DDAIF
2019-04-01,54.37225205414391,60.333802662675964,54.21962011070416,59.022979736328125,854800.0,0.0,0.0,DDAIF
2019-05-01,58.717722371288225,59.13072081017089,46.040438245728126,46.47139358520508,1377200.0,0.0,0.0,DDAIF
2019-06-01,49.544008306577055,53.98264627142994,49.544008306577055,53.397857666015625,773000.0,0.0,0.0,DDAIF
2019-07-01,53.56082862870755,53.61835007731622,48.70037776073545,49.49607467651367,1048500.0,0.0,0.0,DDAIF
2019-08-01,49.22764599549615,49.71656917690487,42.94836550291176,45.02867889404297,1224100.0,0.0,0.0,DDAIF
2019-09-01,45.201240801574926,51.73936250880791,45.0190913672387,47.60749816894531,892500.0,0.0,0.0,DDAIF
2019-10-01,47.943030379064034,57.32839984631505,45.3738010755015,55.94791793823242,1064300.0,0.0,0.0,DDAIF
2019-11-01,56.523117326642115,57.52013385786605,52.822654796661006,53.98264694213867,809400.0,0.0,0.0,DDAIF
2019-12-01,53.50331045440484,54.701646530777204,51.37506441251744,52.22827911376953,766400.0,0.0,0.0,DDAIF
2020-01-01,53.62793855417747,53.84843196893149,44.098770719567554,44.213809967041016,985300.0,0.0,0.0,DDAIF
2020-02-01,44.012492137858736,46.90767285764577,38.65353246493092,39.33418655395508,1544500.0,0.0,0.0,DDAIF
2020-03-01,39.99566658794953,40.83929256388912,21.80971688045691,28.61626625061035,2332300.0,0.0,0.0,DDAIF
2020-04-01,27.23578359644676,33.86018562060726,25.165058896396012,33.265811920166016,1098600.0,0.0,0.0,DDAIF
2020-05-01,31.760702173118197,37.96328756544912,27.245370633322455,35.643310546875,802000.0,0.0,0.0,DDAIF
2020-06-01,36.15140437802784,44.386370611463605,36.14181929784689,39.017826080322266,947600.0,0.0,0.0,DDAIF
2020-07-01,38.79733357106327,45.814789991472104,38.37551689262473,42.03763198852539,791400.0,0.0,0.0,DDAIF
2020-08-01,44.429415673403085,50.55896754563878,44.37047634150165,50.06781768798828,630100.0,0.0,0.0,DDAIF
2020-09-01,49.439145241285765,54.80250065423895,49.164098779756095,52.710201263427734,734500.0,0.0,0.0,DDAIF
2020-10-01,53.92825349497364,57.07160944782549,50.41161887035382,50.71613311767578,509800.0,0.0,0.0,DDAIF
2020-11-01,52.23869791461486,67.7393858535815,51.85560163432495,66.20700073242188,661700.0,0.0,0.0,DDAIF
2020-12-01,67.22859365605724,70.97115310316656,65.31310475043328,69.05567169189453,621400.0,0.0,0.0,DDAIF
2021-01-01,69.42894290575019,71.63911722470105,66.10877262680405,69.3012466430664,616500.0,0.0,0.0,DDAIF
2021-02-01,69.29142246734423,80.54857624862211,69.0949580286632,78.87866973876953,589000.0,0.0,0.0,DDAIF
2021-03-01,78.30893343934629,88.23015893027174,77.98477273905502,87.90599822998047,618800.0,0.0,0.0,DDAIF
2021-04-01,86.7763490288043,91.76643313829945,85.16537817366836,87.05139923095703,545000.0,1.584,0.0,DDAIF
2021-05-01,90.25,95.5999984741211,83.80000305175781,93.4000015258789,541200.0,0.0,0.0,DDAIF
2021-06-01,94.88999938964844,98.0,89.01000213623047,89.9000015258789,783500.0,0.0,0.0,DDAIF
2021-07-01,89.9000015258789,90.94000244140625,81.2300033569336,89.38999938964844,421800.0,0.0,0.0,DDAIF
2014-01-01,25.245627098748056,25.645068246877187,22.83946949049589,23.029680252075195,2723600.0,0.0,0.0,VWAGY
2014-02-01,23.137624458860255,25.63555691292547,22.51611174449919,24.232757568359375,2225200.0,0.0,0.0,VWAGY
2014-03-01,23.58128918935852,24.2232473326432,22.516112193955397,24.14716339111328,2870800.0,0.0,0.0,VWAGY
2014-04-01,24.371136946549118,25.607026232671085,24.066325905052388,25.421571731567383,2671000.0,0.0,0.0,VWAGY
2014-05-01,25.37734868142259,25.37734868142259,23.785766088964916,24.974578857421875,1632200.0,0.0,0.0,VWAGY
2014-06-01,25.16954331285227,25.33597636977711,24.33261813349924,24.655975341796875,2644000.0,0.0,0.0,VWAGY
2014-07-01,24.722549664844347,25.114856403982426,21.974013473660996,22.012056350708008,3613400.0,0.0,0.0,VWAGY
2014-08-01,21.855133931561802,22.149960810030223,20.823245298875424,21.38436508178711,3405600.0,0.0,0.0,VWAGY
2014-09-01,21.517509447802215,22.12618095778444,19.444219849445016,19.630626678466797,4021400.0,0.0,0.0,VWAGY
2014-10-01,19.344360244657345,20.409535399498914,17.99862340831822,20.252613067626953,3883400.0,0.0,0.0,VWAGY
2014-11-01,20.269256250672143,21.579328335610633,19.76282270061048,21.5060977935791,3157400.0,0.0,0.0,VWAGY
2014-12-01,21.50324455161897,21.745761542614158,20.14799699445886,20.476110458374023,4029200.0,0.0,0.0,VWAGY
2015-01-01,20.44757806551582,21.988280094651916,19.496527922933687,21.17513084411621,5540000.0,0.0,0.0,VWAGY
2015-02-01,21.631636227616898,23.975973153327327,21.565061194085064,23.87135887145996,2838200.0,0.0,0.0,VWAGY
2015-03-01,23.838073190738214,25.14101091719576,22.991637299829673,24.37066078186035,5490000.0,0.0,0.0,VWAGY
2015-04-01,24.41108051470456,25.11723557675154,22.86324762397871,24.16618537902832,3294200.0,0.0,0.0,VWAGY
2015-05-01,23.74296788702119,24.632199297338275,22.910798979584193,23.029680252075195,1731000.0,0.0,0.0,VWAGY
2015-06-01,23.005905122035227,23.372059671107973,21.878909315440193,22.021568298339844,2380800.0,0.0,0.0,VWAGY
2015-07-01,22.487582412116357,22.74436640144701,19.125620100569968,19.187437057495117,5002000.0,0.0,0.0,VWAGY
2015-08-01,19.273031395373206,20.366740557995378,17.014287208714464,17.708555221557617,4888000.0,0.0,0.0,VWAGY
2015-09-01,17.38519746252288,18.243995635211704,11.032182145623281,11.46015453338623,71651600.0,0.0,0.0,VWAGY
2015-10-01,11.334139847806851,14.503514941744218,10.799174132742515,13.219596862792969,47884800.0,0.0,0.0,VWAGY
2015-11-01,13.279038163562669,14.189669172884114,11.826309733026829,14.15638256072998,27682000.0,0.0,0.0,VWAGY
2015-12-01,14.600998149753275,15.07414602302304,13.571486780556711,14.729390144348145,16117200.0,0.0,0.0,VWAGY
2016-01-01,14.276690858553671,14.332326665702677,11.921414479480461,12.563373565673828,17866000.0,0.0,0.0,VWAGY
2016-02-01,12.301834915088923,13.362255685841712,11.650365119532397,13.038898468017578,10225800.0,0.0,0.0,VWAGY
2016-03-01,13.481136488313336,14.54155722176116,11.91190314648775,13.780716896057129,9594600.0,0.0,0.0,VWAGY
2016-04-01,13.457359346841598,15.302397157704073,12.820155669656238,15.178760528564453,9097000.0,0.0,0.0,VWAGY
2016-05-01,15.059880250216603,15.169250807694954,14.004214833919132,14.679460525512695,6291000.0,0.0,0.0,VWAGY
2016-06-01,14.565332954000151,15.093166088570477,12.515820091674545,12.862953186035156,13573200.0,0.0,0.0,VWAGY
2016-07-01,13.328967964394828,14.320437294467627,12.316099063019413,14.066031455993652,9046200.0,0.0,0.0,VWAGY
2016-08-01,14.025612868047604,14.280018717539413,13.371765872121676,13.79498291015625,6108400.0,0.0,0.0,VWAGY
2016-09-01,13.892465140732401,14.289528143059728,13.124492253333239,13.747429847717285,4786800.0,0.0,0.0,VWAGY
2016-10-01,13.645192173104594,14.184913253582732,13.471625625865881,14.14449405670166,6039000.0,0.0,0.0,VWAGY
2016-11-01,14.170648088981093,14.189669528970597,12.86770938044191,12.996101379394531,5323800.0,0.0,0.0,VWAGY
2016-12-01,12.991345478894129,14.327570744829307,12.839177593277727,13.640437126159668,7367200.0,0.0,0.0,VWAGY
2017-01-01,14.258619623334718,16.048971235352077,13.956661092734228,15.259599685668945,8705200.0,0.0,0.0,VWAGY
2017-02-01,15.354706035627121,15.402257820408964,14.3846343886093,14.4321870803833,4885000.0,0.0,0.0,VWAGY
2017-03-01,14.70799162431373,14.869670232370234,14.075543271736988,14.260997772216797,6826600.0,0.0,0.0,VWAGY
2017-04-01,14.30379458876914,15.421278725249504,13.742674840673086,15.292886734008789,14652000.0,0.0,0.0,VWAGY
2017-05-01,15.314286100312707,15.625754447811303,14.88869002825878,14.940998077392578,7465600.0,0.0,0.0,VWAGY
2017-06-01,14.936242884498352,15.297641151845566,14.356102605870326,14.800718307495117,8184400.0,0.0,0.0,VWAGY
2017-07-01,14.902956042584703,16.224915181212193,14.755543522110207,14.9552640914917,6387200.0,0.0,0.0,VWAGY
2017-08-01,15.067012306277954,15.102677051022662,14.275263498671558,14.712746620178223,5081400.0,0.0,0.0,VWAGY
2017-09-01,14.841136633864002,16.448411838798602,14.788829494206746,16.075124740600586,7232200.0,0.0,0.0,VWAGY
2017-10-01,15.968133415206987,17.87165956949347,15.95386642897777,17.827436447143555,7623600.0,0.0,0.0,VWAGY
2017-11-01,18.269674077026064,19.87694947623154,17.41372923144372,19.743803024291992,6229000.0,0.0,0.0,VWAGY
2017-12-01,19.300612870151078,19.56310183354928,18.433729749349144,19.22785758972168,6425400.0,0.0,0.0,VWAGY
2018-01-01,19.154151237785403,22.12618323540525,19.139886064671828,21.132335662841797,7988800.0,0.0,0.0,VWAGY
2018-02-01,21.062433284614663,21.20128652923932,18.906877517700195,18.906877517700195,8713400.0,0.0,0.0,VWAGY
2018-03-01,18.69289072820974,19.45848454969411,17.979603139485164,19.040023803710938,7505600.0,0.0,0.0,VWAGY
2018-04-01,19.00816455020556,20.50939799654357,18.44989818641309,19.320585250854492,8182800.0,0.0,0.0,VWAGY
2018-05-01,19.353871624501085,19.84841815597948,17.570652527906713,17.69428825378418,4054800.0,0.0,0.0,VWAGY
2018-06-01,17.92729680766085,18.356695919101735,15.525895392034286,15.692328453063965,7374600.0,0.0,0.0,VWAGY
2018-07-01,15.548721247836944,16.64337918806777,15.426034228706152,16.43414878845215,5955200.0,0.0,0.0,VWAGY
2018-08-01,16.063236661031624,19.016248793648856,14.636662324550684,15.216802597045898,3768600.0,0.0,0.0,VWAGY
2018-09-01,14.693725408622024,17.071351815617483,14.551068241418685,16.44365882873535,2166100.0,0.0,0.0,VWAGY
2018-10-01,16.576805524289945,16.767014478745622,13.980437967802432,15.625755310058594,3265700.0,0.0,0.0,VWAGY
2018-11-01,15.930090809810707,16.61009184621391,15.083655807428967,15.77316665649414,2163900.0,0.0,0.0,VWAGY
2018-12-01,16.148832327219328,16.196385926689366,14.619543759559123,14.836383819580078,4158800.0,0.0,0.0,VWAGY
2019-01-01,14.565333584570762,16.728973359115233,14.546313051983836,16.519742965698242,2401300.0,0.0,0.0,VWAGY
2019-02-01,16.529250559411242,16.854510620050924,15.349948608885677,16.74799346923828,1753100.0,0.0,0.0,VWAGY
2019-03-01,16.98575607904754,17.09988108000412,15.17876026904669,15.445054054260254,2955900.0,0.0,0.0,VWAGY
2019-04-01,15.76841099665706,17.91778449638758,15.730369934936743,17.00002098083496,2553000.0,0.0,0.0,VWAGY
2019-05-01,16.91918423539277,17.67526741667275,14.893446256842655,15.007572174072266,2033900.0,0.0,0.0,VWAGY
2019-06-01,15.055124356281747,16.31051031026854,15.055124356281747,16.262958526611328,1687900.0,0.0,0.0,VWAGY
2019-07-01,16.40561506825712,17.121756077068977,15.968132870482679,16.139320373535156,2751700.0,0.0,0.0,VWAGY
2019-08-01,16.17736438335101,16.291489393379912,14.902956949460854,15.45456600189209,1964500.0,0.0,0.0,VWAGY
2019-09-01,15.46027208872778,17.004776276428274,15.407013511288204,16.291488647460938,1536300.0,0.0,0.0,VWAGY
2019-10-01,16.205896704706692,18.36477933682782,15.426033996460122,18.01289176940918,2971200.0,0.0,0.0,VWAGY
2019-11-01,18.222122378225823,19.144640454191673,18.06995448557134,18.074708938598633,1146100.0,0.0,0.0,VWAGY
2019-12-01,18.241142340143757,19.30631750240931,18.01289051965828,18.34575843811035,1600100.0,0.0,0.0,VWAGY
2020-01-01,18.70525494270742,19.353872249073817,17.309114648455672,17.38519859313965,2857400.0,0.0,0.0,VWAGY
2020-02-01,17.16645506141683,18.117505243522675,15.16925022318983,15.987153053283691,2236700.0,0.0,0.0,VWAGY
2020-03-01,16.291488366432635,16.76701344420805,10.081132011635622,12.458757400512695,8056900.0,0.0,0.0,VWAGY
2020-04-01,11.916658036673514,15.16924959797662,11.640853531510015,14.208688735961914,4309100.0,0.0,0.0,VWAGY
2020-05-01,14.008969264572972,16.015685803422066,12.677499323235358,15.007572174072266,3595600.0,0.0,0.0,VWAGY
2020-06-01,15.27386537840666,17.309113996519297,14.921976920748877,15.383235931396484,2446200.0,0.0,0.0,VWAGY
2020-07-01,15.207291386318468,16.7575041166283,14.741277039521377,14.855402946472168,2083900.0,0.0,0.0,VWAGY
2020-08-01,15.359460043709877,17.394708662353814,15.31190826030511,17.052330017089844,1755000.0,0.0,0.0,VWAGY
2020-09-01,16.786035054968956,18.354316937199897,15.81596345099398,16.87162971496582,3142400.0,0.0,0.0,VWAGY
2020-10-01,16.315266298499736,16.790791382891037,14.64617223645511,14.80785083770752,4003100.0,0.566,0.0,VWAGY
2020-11-01,15.610236426144533,19.560440516584485,15.610236426144533,18.233226776123047,3164600.0,0.0,0.0,VWAGY
2020-12-01,19.01914368688483,21.12146572192687,18.23322755901782,20.48291015625,4927400.0,0.0,0.0,VWAGY
2021-01-01,20.301167084273096,21.573365150416546,19.5005156793538,20.757978439331055,7085500.0,0.0,0.0,VWAGY
2021-02-01,20.64303965306567,23.420266360980655,20.56543008473567,23.005695343017578,6550300.0,0.0,0.0,VWAGY
2021-03-01,22.9094220215572,47.86222484829596,22.87012724579384,35.660892486572266,66224800.0,0.0,0.0,VWAGY
2021-04-01,35.72965949495412,36.74152760172129,31.063291074928436,31.151704788208008,17858300.0,0.0,0.0,VWAGY
2021-05-01,31.807943087206212,35.955609602498505,29.918801457742205,35.52827072143555,10764200.0,0.0,0.0,VWAGY
2021-06-01,35.65990825817402,37.67479642239392,32.12427433568767,32.30110549926758,8780600.0,0.0,0.0,VWAGY
2021-07-01,32.41899457264758,33.84346629580118,30.414910372384636,32.605648040771484,8273400.0,0.0,0.0,VWAGY
2014-01-01,29.959999084472656,37.20000076293945,27.333999633789062,36.28200149536133,919661500.0,0.0,0.0,TSLA
2014-02-01,36.577999114990234,53.0,33.87200164794922,48.96200180053711,1129770500.0,0.0,0.0,TSLA
2014-03-01,47.45199966430664,52.0,40.599998474121094,41.689998626708984,833428000.0,0.0,0.0,TSLA
2014-04-01,41.80400085449219,47.145999908447266,36.86399841308594,41.577999114990234,826039000.0,0.0,0.0,TSLA
2014-05-01,41.41600036621094,43.731998443603516,35.444000244140625,41.55400085449219,674050500.0,0.0,0.0,TSLA
2014-06-01,41.465999603271484,48.89799880981445,39.849998474121094,48.012001037597656,616813500.0,0.0,0.0,TSLA
2014-07-01,48.492000579833984,48.6879997253418,42.720001220703125,44.65999984741211,539763500.0,0.0,0.0,TSLA
2014-08-01,45.21799850463867,54.400001525878906,45.20000076293945,53.939998626708984,574236000.0,0.0,0.0,TSLA
2014-09-01,55.099998474121094,58.284000396728516,48.02399826049805,48.5359992980957,664241500.0,0.0,0.0,TSLA
2014-10-01,48.439998626708984,53.108001708984375,43.4640007019043,48.34000015258789,760262500.0,0.0,0.0,TSLA
2014-11-01,48.599998474121094,51.99800109863281,45.70000076293945,48.90399932861328,538609000.0,0.0,0.0,TSLA
2014-12-01,48.231998443603516,48.49399948120117,38.529998779296875,44.481998443603516,634731000.0,0.0,0.0,TSLA
2015-01-01,44.57400131225586,44.650001525878906,37.0,40.720001220703125,451025500.0,0.0,0.0,TSLA
2015-02-01,40.79399871826172,45.09600067138672,38.65599822998047,40.667999267578125,533587500.0,0.0,0.0,TSLA
2015-03-01,40.540000915527344,41.237998962402344,36.279998779296875,37.75400161743164,614950500.0,0.0,0.0,TSLA
2015-04-01,37.7400016784668,47.75,37.209999084472656,45.209999084472656,494725500.0,0.0,0.0,TSLA
2015-05-01,45.987998962402344,50.57400131225586,44.04999923706055,50.15999984741211,445639000.0,0.0,0.0,TSLA
2015-06-01,50.28200149536133,54.28200149536133,49.13600158691406,53.652000427246094,327365500.0,0.0,0.0,TSLA
2015-07-01,54.22200012207031,57.33000183105469,50.15800094604492,53.22999954223633,400305000.0,0.0,0.0,TSLA
2015-08-01,53.257999420166016,54.20000076293945,39.0,49.8120002746582,576320500.0,0.0,0.0,TSLA
2015-09-01,48.06800079345703,54.31399917602539,47.39400100708008,49.68000030517578,401440500.0,0.0,0.0,TSLA
2015-10-01,49.50199890136719,49.96799850463867,40.400001525878906,41.38600158691406,504060000.0,0.0,0.0,TSLA
2015-11-01,41.784000396728516,46.91600036621094,41.15999984741211,46.051998138427734,392442000.0,0.0,0.0,TSLA
2015-12-01,46.21200180053711,48.72600173950195,42.9739990234375,48.00199890136719,299227500.0,0.0,0.0,TSLA
2016-01-01,46.14400100708008,46.2760009765625,36.481998443603516,38.2400016784668,396236000.0,0.0,0.0,TSLA
2016-02-01,37.75199890136719,39.90399932861328,28.209999084472656,38.38600158691406,668529000.0,0.0,0.0,TSLA
2016-03-01,38.849998474121094,47.97600173950195,36.29999923706055,45.95399856567383,514610000.0,0.0,0.0,TSLA
2016-04-01,48.965999603271484,53.86800003051758,46.650001525878906,48.152000427246094,677536500.0,0.0,0.0,TSLA
2016-05-01,48.29999923706055,48.63800048828125,40.731998443603516,44.645999908447266,516537500.0,0.0,0.0,TSLA
2016-06-01,44.29600143432617,48.16999816894531,37.57400131225586,42.45600128173828,608364000.0,0.0,0.0,TSLA
2016-07-01,41.22800064086914,47.055999755859375,41.20000076293945,46.95800018310547,370319500.0,0.0,0.0,TSLA
2016-08-01,47.099998474121094,47.32600021362305,41.72999954223633,42.402000427246094,311455500.0,0.0,0.0,TSLA
2016-09-01,41.801998138427734,42.220001220703125,38.689998626708984,40.805999755859375,353159500.0,0.0,0.0,TSLA
2016-10-01,42.459999084472656,43.13399887084961,38.400001525878906,39.54600143432617,460664000.0,0.0,0.0,TSLA
2016-11-01,39.608001708984375,39.869998931884766,35.63800048828125,37.880001068115234,494430000.0,0.0,0.0,TSLA
2016-12-01,37.650001525878906,44.7599983215332,36.0,42.737998962402344,439967000.0,0.0,0.0,TSLA
2017-01-01,42.97200012207031,51.69200134277344,42.19200134277344,50.38600158691406,503398000.0,0.0,0.0,TSLA
2017-02-01,50.61000061035156,57.47800064086914,48.402000427246094,49.99800109863281,597700000.0,0.0,0.0,TSLA
2017-03-01,50.83599853515625,56.400001525878906,48.555999755859375,55.65999984741211,535176500.0,0.0,0.0,TSLA
2017-04-01,57.380001068115234,62.959999084472656,56.91600036621094,62.81399917602539,584753000.0,0.0,0.0,TSLA
2017-05-01,62.97600173950195,68.5780029296875,58.152000427246094,68.2020034790039,740231500.0,0.0,0.0,TSLA
2017-06-01,68.80000305175781,77.39800262451172,66.84200286865234,72.3219985961914,929755500.0,0.0,0.0,TSLA
2017-07-01,74.0479965209961,74.2699966430664,60.625999450683594,64.69400024414062,908200000.0,0.0,0.0,TSLA
2017-08-01,64.5999984741211,74.0,62.24399948120117,71.18000030517578,684708000.0,0.0,0.0,TSLA
2017-09-01,71.2239990234375,77.9219970703125,67.08000183105469,68.22000122070312,557563500.0,0.0,0.0,TSLA
2017-10-01,68.50399780273438,72.5999984741211,63.332000732421875,66.30599975585938,615183500.0,0.0,0.0,TSLA
2017-11-01,66.44999694824219,66.52200317382812,58.5260009765625,61.77000045776367,744064000.0,0.0,0.0,TSLA
2017-12-01,61.0880012512207,69.48799896240234,60.0,62.27000045776367,549423500.0,0.0,0.0,TSLA
2018-01-01,62.400001525878906,72.0999984741211,61.13600158691406,70.86199951171875,621357500.0,0.0,0.0,TSLA
2018-02-01,70.19999694824219,71.99800109863281,58.95199966430664,68.61199951171875,545950000.0,0.0,0.0,TSLA
2018-03-01,69.00199890136719,69.73400115966797,49.641998291015625,53.22600173950195,786342500.0,0.0,0.0,TSLA
2018-04-01,51.25199890136719,61.900001525878906,48.917999267578125,58.779998779296875,951554000.0,0.0,0.0,TSLA
2018-05-01,58.70199966430664,62.597999572753906,54.683998107910156,56.94599914550781,777890500.0,0.0,0.0,TSLA
2018-06-01,57.172000885009766,74.74600219726562,56.768001556396484,68.58999633789062,1067125500.0,0.0,0.0,TSLA
2018-07-01,72.01399993896484,72.95600128173828,57.22600173950195,59.62799835205078,861641000.0,0.0,0.0,TSLA
2018-08-01,59.597999572753906,77.49199676513672,57.63999938964844,60.332000732421875,1386801000.0,0.0,0.0,TSLA
2018-09-01,59.38800048828125,62.992000579833984,50.45000076293945,52.95399856567383,980377000.0,0.0,0.0,TSLA
2018-10-01,61.15399932861328,69.43199920654297,49.55400085449219,67.46399688720703,1431803500.0,0.0,0.0,TSLA
2018-11-01,67.6520004272461,73.3499984741211,65.0,70.09600067138672,665095500.0,0.0,0.0,TSLA
2018-12-01,72.0,358.489990234375,58.81800079345703,66.55999755859375,732256000.0,0.0,0.0,TSLA
2019-01-01,61.220001220703125,70.4000015258789,55.85599899291992,61.40399932861328,878260500.0,0.0,0.0,TSLA
2019-02-01,61.08399963378906,64.8479995727539,57.75400161743164,63.97600173950195,642750500.0,0.0,0.0,TSLA
2019-03-01,61.38800048828125,61.42599868774414,50.891998291015625,55.97200012207031,1068967500.0,0.0,0.0,TSLA
2019-04-01,56.52399826049805,59.23400115966797,46.22600173950195,47.737998962402344,1153736500.0,0.0,0.0,TSLA
2019-05-01,47.77000045776367,51.66999816894531,36.81999969482422,37.03200149536133,1412994000.0,0.0,0.0,TSLA
2019-06-01,37.10200119018555,46.948001861572266,35.39799880981445,44.69200134277344,1074853000.0,0.0,0.0,TSLA
2019-07-01,46.04199981689453,53.2140007019043,44.444000244140625,48.321998596191406,996683500.0,0.0,0.0,TSLA
2019-08-01,48.529998779296875,48.902000427246094,42.20000076293945,45.12200164794922,668953000.0,0.0,0.0,TSLA
2019-09-01,44.816001892089844,50.70000076293945,43.672000885009766,48.17399978637695,678876500.0,0.0,0.0,TSLA
2019-10-01,48.29999923706055,68.16799926757812,44.85599899291992,62.98400115966797,1139913000.0,0.0,0.0,TSLA
2019-11-01,63.263999938964844,72.23999786376953,61.85200119018555,65.98799896240234,788854000.0,0.0,0.0,TSLA
2019-12-01,65.87999725341797,87.06199645996094,65.44999694824219,83.66600036621094,1035400000.0,0.0,0.0,TSLA
2020-01-01,84.9000015258789,130.60000610351562,84.34200286865234,130.11399841308594,2036092500.0,0.0,0.0,TSLA
2020-02-01,134.73800659179688,193.79800415039062,122.30400085449219,133.59800720214844,2362934000.0,0.0,0.0,TSLA
2020-03-01,142.2519989013672,161.39599609375,70.10199737548828,104.80000305175781,2104675000.0,0.0,0.0,TSLA
2020-04-01,100.80000305175781,173.96400451660156,89.27999877929688,156.37600708007812,1907387500.0,0.0,0.0,TSLA
2020-05-01,151.0,168.6580047607422,136.60800170898438,167.0,1363518000.0,0.0,0.0,TSLA
2020-06-01,171.60000610351562,217.53799438476562,170.82000732421875,215.96200561523438,1278863500.0,0.0,0.0,TSLA
2020-07-01,216.60000610351562,358.99798583984375,216.10000610351562,286.1520080566406,1893167500.0,0.0,0.0,TSLA
2020-08-01,289.8399963378906,500.1400146484375,273.0,498.32000732421875,1557378400.0,0.0,0.0,TSLA
2020-09-01,502.1400146484375,502.489990234375,329.8800048828125,429.010009765625,1736284800.0,0.0,0.0,TSLA
2020-10-01,440.760009765625,465.8999938964844,379.1099853515625,388.0400085449219,833666400.0,0.0,0.0,TSLA
2020-11-01,394.0,607.7999877929688,392.29998779296875,567.5999755859375,782598800.0,0.0,0.0,TSLA
2020-12-01,597.5900268554688,718.719970703125,541.2100219726562,705.6699829101562,1196346000.0,0.0,0.0,TSLA
2021-01-01,719.4600219726562,900.4000244140625,717.1900024414062,793.530029296875,705694800.0,0.0,0.0,TSLA
2021-02-01,814.2899780273438,880.5,619.0,675.5,522857900.0,0.0,0.0,TSLA
2021-03-01,690.1099853515625,721.1099853515625,539.489990234375,667.9299926757812,942452400.0,0.0,0.0,TSLA
2021-04-01,688.3699951171875,780.7899780273438,659.4199829101562,709.4400024414062,678539700.0,0.0,0.0,TSLA
2021-05-01,703.7999877929688,706.0,546.97998046875,625.219970703125,625175800.0,0.0,0.0,TSLA
2021-06-01,627.7999877929688,697.6199951171875,571.219970703125,679.7000122070312,519921900.0,0.0,0.0,TSLA
2021-07-01,683.9199829101562,700.0,620.4600219726562,687.2000122070312,448317100.0,0.0,0.0,TSLA
2014-01-01,14.380000114440918,14.704999923706055,13.607500076293945,13.707500457763672,568400.0,0.0,0.0,FUJHY
2014-02-01,13.494999885559082,13.864999771118164,12.287500381469727,13.427499771118164,833600.0,0.0,0.0,FUJHY
2014-03-01,13.417499542236328,13.737500190734863,12.524999618530273,13.600000381469727,1270800.0,0.0,0.0,FUJHY
2014-04-01,13.625,14.175000190734863,12.944999694824219,13.100000381469727,638800.0,0.0,0.0,FUJHY
2014-05-01,13.407500267028809,13.407500267028809,11.8100004196167,13.324999809265137,1626800.0,0.0,0.0,FUJHY
2014-06-01,13.420000076293945,14.047499656677246,13.319999694824219,13.920000076293945,1287600.0,0.0,0.0,FUJHY
2014-07-01,14.079999923706055,14.962499618530273,13.914999961853027,14.305000305175781,473600.0,0.0,0.0,FUJHY
2014-08-01,14.28499984741211,14.5600004196167,13.957500457763672,14.2524995803833,804400.0,0.0,0.0,FUJHY
2014-09-01,14.447500228881836,16.5674991607666,14.375,16.510000228881836,1564400.0,0.0,0.0,FUJHY
2014-10-01,16.162500381469727,16.772499084472656,14.335000038146973,16.772499084472656,1159200.0,0.0,0.0,FUJHY
2014-11-01,16.59749984741211,18.297500610351562,16.59749984741211,18.174999237060547,809200.0,0.0,0.0,FUJHY
2014-12-01,18.4375,19.022499084472656,17.18000030517578,17.732500076293945,912000.0,0.0,0.0,FUJHY
2015-01-01,17.899999618530273,18.735000610351562,17.177499771118164,18.09000015258789,608000.0,0.0,0.0,FUJHY
2015-02-01,18.225000381469727,18.280000686645508,16.610000610351562,16.905000686645508,1379200.0,0.0,0.0,FUJHY
2015-03-01,17.125,17.44499969482422,16.354999542236328,16.670000076293945,1184000.0,0.0,0.0,FUJHY
2015-04-01,16.639999389648438,17.522499084472656,16.424999237060547,16.6825008392334,1111200.0,0.0,0.0,FUJHY
2015-05-01,16.975000381469727,19.397499084472656,16.637500762939453,18.752500534057617,824800.0,0.0,0.0,FUJHY
2015-06-01,18.975000381469727,19.3125,17.917499542236328,18.487499237060547,1625600.0,0.0,0.0,FUJHY
2015-07-01,18.829999923706055,18.832500457763672,17.459999084472656,18.362499237060547,642400.0,0.0,0.0,FUJHY
2015-08-01,17.950000762939453,18.952499389648438,15.762499809265137,17.5575008392334,704800.0,0.0,0.0,FUJHY
2015-09-01,16.667499542236328,18.540000915527344,16.40999984741211,18.02750015258789,1562800.0,0.0,0.0,FUJHY
2015-10-01,18.235000610351562,19.787500381469727,17.94499969482422,19.565000534057617,664400.0,0.0,0.0,FUJHY
2015-11-01,19.719999313354492,21.087499618530273,19.662500381469727,20.727500915527344,415200.0,0.0,0.0,FUJHY
2015-12-01,21.02750015258789,21.212499618530273,19.987499237060547,20.622499465942383,647200.0,0.0,0.0,FUJHY
2016-01-01,20.037500381469727,20.489999771118164,18.1299991607666,20.489999771118164,1373600.0,0.0,0.0,FUJHY
2016-02-01,20.049999237060547,20.247499465942383,15.574999809265137,16.424999237060547,1712400.0,0.0,0.0,FUJHY
2016-03-01,16.489999771118164,18.3174991607666,16.232500076293945,17.649999618530273,922400.0,0.0,0.0,FUJHY
2016-04-01,17.032499313354492,17.985000610351562,15.272500038146973,16.40999984741211,1228800.0,0.0,0.0,FUJHY
2016-05-01,16.47249984741211,18.612499237060547,16.102500915527344,18.412500381469727,811600.0,0.0,0.0,FUJHY
2016-06-01,18.407499313354492,18.864999771118164,16.737499237060547,17.107500076293945,1238400.0,0.0,0.0,FUJHY
2016-07-01,16.985000610351562,19.387500762939453,16.125,19.157499313354492,833600.0,0.0,0.0,FUJHY
2016-08-01,19.092500686645508,19.864999771118164,17.892499923706055,19.662500381469727,529200.0,0.0,0.0,FUJHY
2016-09-01,19.950000762939453,20.375,18.475000381469727,18.739999771118164,854800.0,0.0,0.0,FUJHY
2016-10-01,18.375,19.950000762939453,18.375,19.440000534057617,952200.0,0.0,0.0,FUJHY
2016-11-01,19.510000228881836,20.850000381469727,17.790000915527344,20.799999237060547,1002200.0,0.0,0.0,FUJHY
2016-12-01,20.829999923706055,21.399999618530273,20.1200008392334,20.299999237060547,787900.0,0.0,0.0,FUJHY
2017-01-01,20.440000534057617,21.559999465942383,19.799999237060547,19.959999084472656,517900.0,0.0,0.0,FUJHY
2017-02-01,19.81999969482422,19.860000610351562,18.639999389648438,18.649999618530273,692500.0,0.0,0.0,FUJHY
2017-03-01,19.020000457763672,19.530000686645508,18.270000457763672,18.3700008392334,1026900.0,0.0,0.0,FUJHY
2017-04-01,18.530000686645508,19.299999237060547,17.5,18.899999618530273,769900.0,0.0,0.0,FUJHY
2017-05-01,19.010000228881836,19.309999465942383,16.780000686645508,16.860000610351562,1326500.0,0.0,0.0,FUJHY
2017-06-01,16.709999084472656,17.690000534057617,16.260000228881836,16.829999923706055,1553400.0,0.0,0.0,FUJHY
2017-07-01,16.989999771118164,18.5,16.989999771118164,18.059999465942383,833200.0,0.0,0.0,FUJHY
2017-08-01,17.81999969482422,18.290000915527344,17.3799991607666,17.520000457763672,957900.0,0.0,0.0,FUJHY
2017-09-01,17.3700008392334,18.510000228881836,17.209999084472656,18.100000381469727,1036300.0,0.0,0.0,FUJHY
2017-10-01,18.049999237060547,18.31999969482422,17.0,17.219999313354492,632100.0,0.0,0.0,FUJHY
2017-11-01,17.059999465942383,17.200000762939453,15.6899995803833,16.299999237060547,1031000.0,0.0,0.0,FUJHY
2017-12-01,16.299999237060547,16.68000030517578,15.149999618530273,15.880000114440918,957700.0,0.0,0.0,FUJHY
2018-01-01,15.8100004196167,17.3700008392334,15.8100004196167,16.670000076293945,1920300.0,0.0,0.0,FUJHY
2018-02-01,16.770000457763672,18.0,15.890000343322754,17.59000015258789,854100.0,0.0,0.0,FUJHY
2018-03-01,17.309999465942383,17.3799991607666,16.25,16.56999969482422,805700.0,0.0,0.0,FUJHY
2018-04-01,16.290000915527344,17.079999923706055,16.06999969482422,16.799999237060547,1002600.0,0.0,0.0,FUJHY
2018-05-01,16.770000457763672,16.979999542236328,15.199999809265137,15.239999771118164,922800.0,0.0,0.0,FUJHY
2018-06-01,15.1899995803833,15.760000228881836,14.289999961853027,14.470000267028809,2615400.0,0.0,0.0,FUJHY
2018-07-01,14.390000343322754,14.6899995803833,13.800000190734863,14.569999694824219,1488700.0,0.0,0.0,FUJHY
2018-08-01,14.600000381469727,15.239999771118164,14.40999984741211,14.819999694824219,1509700.0,0.0,0.0,FUJHY
2018-09-01,14.449999809265137,15.229999542236328,13.600000381469727,14.699999809265137,1758300.0,0.0,0.0,FUJHY
2018-10-01,15.109999656677246,15.180000305175781,13.010000228881836,13.470000267028809,2049800.0,0.0,0.0,FUJHY
2018-11-01,13.449999809265137,13.489999771118164,10.989999771118164,11.079999923706055,1708900.0,0.0,0.0,FUJHY
2018-12-01,11.510000228881836,11.510000228881836,10.25,10.890000343322754,3884500.0,0.0,0.0,FUJHY
2019-01-01,10.800000190734863,11.720000267028809,10.329999923706055,11.699999809265137,2455100.0,0.0,0.0,FUJHY
2019-02-01,11.539999961853027,12.970000267028809,11.510000228881836,12.449999809265137,1594800.0,0.0,0.0,FUJHY
2019-03-01,12.600000381469727,12.699999809265137,11.319999694824219,11.350000381469727,1708000.0,0.0,0.0,FUJHY
2019-04-01,11.569999694824219,12.789999961853027,11.569999694824219,12.239999771118164,705600.0,0.0,0.0,FUJHY
2019-05-01,12.130000114440918,12.359999656677246,11.029999732971191,11.529999732971191,721900.0,0.0,0.0,FUJHY
2019-06-01,11.960000038146973,12.300000190734863,11.5,12.079999923706055,573500.0,0.0,0.0,FUJHY
2019-07-01,12.479999542236328,12.949999809265137,11.539999961853027,11.600000381469727,536300.0,0.0,0.0,FUJHY
2019-08-01,11.479999542236328,13.710000038146973,11.350000381469727,13.329999923706055,838200.0,0.0,0.0,FUJHY
2019-09-01,13.529999732971191,14.5,13.510000228881836,14.109999656677246,474600.0,0.0,0.0,FUJHY
2019-10-01,13.829999923706055,14.359999656677246,13.260000228881836,14.289999961853027,482400.0,0.0,0.0,FUJHY
2019-11-01,14.3100004196167,14.510000228881836,13.0,13.100000381469727,452900.0,0.0,0.0,FUJHY
2019-12-01,12.920000076293945,13.329999923706055,12.220000267028809,12.350000381469727,718300.0,0.0,0.0,FUJHY
2020-01-01,12.449999809265137,13.140000343322754,11.880000114440918,12.489999771118164,1963200.0,0.0,0.0,FUJHY
2020-02-01,12.550000190734863,13.380000114440918,11.510000228881836,11.899999618530273,1615000.0,0.0,0.0,FUJHY
2020-03-01,11.699999809265137,12.460000038146973,8.420000076293945,9.399999618530273,3515500.0,0.0,0.0,FUJHY
2020-04-01,8.899999618530273,10.130000114440918,7.610000133514404,9.970000267028809,2964500.0,0.0,0.0,FUJHY
2020-05-01,9.880000114440918,11.470000267028809,9.399999618530273,11.029999732971191,1499900.0,0.0,0.0,FUJHY
2020-06-01,10.779999732971191,12.489999771118164,10.25,10.369999885559082,781800.0,0.0,0.0,FUJHY
2020-07-01,10.630000114440918,10.859999656677246,9.359999656677246,9.489999771118164,1655700.0,0.0,0.0,FUJHY
2020-08-01,9.619999885559082,10.630000114440918,9.020000457763672,10.300000190734863,1488000.0,0.0,0.0,FUJHY
2020-09-01,10.4399995803833,10.640000343322754,9.489999771118164,9.819999694824219,750600.0,0.0,0.0,FUJHY
2020-10-01,9.819999694824219,10.300000190734863,9.079999923706055,9.140000343322754,765900.0,0.0,0.0,FUJHY
2020-11-01,9.15999984741211,11.010000228881836,9.15999984741211,9.899999618530273,1055800.0,0.0,0.0,FUJHY
2020-12-01,9.9399995803833,10.880000114440918,9.5600004196167,9.949999809265137,1080300.0,0.0,0.0,FUJHY
2021-01-01,9.699999809265137,10.239999771118164,9.510000228881836,9.649999618530273,1028300.0,0.0,0.0,FUJHY
2021-02-01,9.930000305175781,10.5,9.149999618530273,9.4399995803833,1111200.0,0.0,0.0,FUJHY
2021-03-01,9.539999961853027,10.399999618530273,9.180000305175781,10.0,1288200.0,0.0,0.0,FUJHY
2021-04-01,9.760000228881836,10.220000267028809,9.170000076293945,9.279999732971191,1264400.0,0.0,0.0,FUJHY
2021-05-01,9.25,9.949999809265137,8.949999809265137,9.8100004196167,3412000.0,0.0,0.0,FUJHY
2021-06-01,9.819999694824219,10.5,9.75,9.890000343322754,1516900.0,0.0,0.0,FUJHY
2021-07-01,9.4399995803833,10.329999923706055,9.289999961853027,9.779999732971191,1190400.0,0.0,0.0,FUJHY
2014-01-01,12.949999809265137,13.574999809265137,12.029999732971191,12.032500267028809,292000.0,0.0,0.0,MZDAY
2014-02-01,11.6850004196167,12.537500381469727,11.175000190734863,12.029999732971191,233200.0,0.0,0.0,MZDAY
2014-03-01,11.609999656677246,11.975000381469727,10.324999809265137,11.125,139600.0,0.0,0.0,MZDAY
2014-04-01,11.324999809265137,11.574999809265137,10.672499656677246,11.305000305175781,123600.0,0.0,0.0,MZDAY
2014-05-01,11.3125,11.510000228881836,10.162500381469727,10.899999618530273,82000.0,0.0,0.0,MZDAY
2014-06-01,11.074999809265137,12.177499771118164,11.055000305175781,11.787500381469727,148400.0,0.0,0.0,MZDAY
2014-07-01,11.897500038146973,12.912500381469727,11.892499923706055,12.5,153600.0,0.0,0.0,MZDAY
2014-08-01,12.567500114440918,13.550000190734863,11.550000190734863,11.739999771118164,72100.0,0.0,0.0,MZDAY
2014-09-01,12.010000228881836,12.720000267028809,11.800000190734863,12.5600004196167,81300.0,0.0,0.0,MZDAY
2014-10-01,12.369999885559082,12.369999885559082,10.300000190734863,11.600000381469727,235900.0,0.0,0.0,MZDAY
2014-11-01,11.680000305175781,13.079999923706055,11.619999885559082,12.9399995803833,137700.0,0.0,0.0,MZDAY
2014-12-01,13.229999542236328,13.40999984741211,11.760000228881836,12.069999694824219,347300.0,0.0,0.0,MZDAY
2015-01-01,12.100000381469727,12.149999618530273,10.239999771118164,10.300000190734863,3553500.0,0.0,0.0,MZDAY
2015-02-01,10.380000114440918,10.829999923706055,9.869999885559082,10.720000267028809,703100.0,0.0,0.0,MZDAY
2015-03-01,10.59000015258789,10.59000015258789,9.75,10.149999618530273,1569100.0,0.0,0.0,MZDAY
2015-04-01,9.859999656677246,10.420000076293945,9.25,9.75,554800.0,0.0,0.0,MZDAY
2015-05-01,9.779999732971191,10.829999923706055,9.75,10.609999656677246,387500.0,0.0,0.0,MZDAY
2015-06-01,10.59000015258789,10.930000305175781,9.5600004196167,9.789999961853027,264900.0,0.0,0.0,MZDAY
2015-07-01,9.760000228881836,10.119999885559082,9.260000228881836,9.770000457763672,990400.0,0.0,0.0,MZDAY
2015-08-01,9.65999984741211,9.850000381469727,8.039999961853027,8.550000190734863,592400.0,0.0,0.0,MZDAY
2015-09-01,7.949999809265137,8.220000267028809,7.440000057220459,7.869999885559082,908000.0,0.0,0.0,MZDAY
2015-10-01,8.229999542236328,10.100000381469727,8.0,9.819999694824219,964000.0,0.0,0.0,MZDAY
2015-11-01,9.920000076293945,10.649999618530273,9.8100004196167,10.489999771118164,527700.0,0.0,0.0,MZDAY
2015-12-01,10.550000190734863,10.699999809265137,10.010000228881836,10.329999923706055,2454700.0,0.0,0.0,MZDAY
2016-01-01,10.100000381469727,10.100000381469727,8.020000457763672,9.069999694824219,732700.0,0.0,0.0,MZDAY
2016-02-01,9.100000381469727,9.149999618530273,6.650000095367432,6.880000114440918,1158500.0,0.0,0.0,MZDAY
2016-03-01,6.900000095367432,7.840000152587891,6.829999923706055,7.820000171661377,579300.0,0.0,0.0,MZDAY
2016-04-01,7.369999885559082,8.300000190734863,6.5,7.849999904632568,17462500.0,0.0,0.0,MZDAY
2016-05-01,7.690000057220459,8.539999961853027,7.630000114440918,8.470000267028809,3887300.0,0.0,0.0,MZDAY
2016-06-01,8.369999885559082,8.5600004196167,6.550000190734863,6.639999866485596,6553600.0,0.0,0.0,MZDAY
2016-07-01,6.599999904632568,7.53000020980835,6.039999961853027,7.380000114440918,2953300.0,0.0,0.0,MZDAY
2016-08-01,7.320000171661377,8.25,7.099999904632568,8.239999771118164,1998200.0,0.0,0.0,MZDAY
2016-09-01,8.34000015258789,8.350000381469727,7.510000228881836,7.619999885559082,1901900.0,0.0,0.0,MZDAY
2016-10-01,7.550000190734863,8.229999542236328,7.510000228881836,8.180000305175781,1547300.0,0.0,0.0,MZDAY
2016-11-01,8.210000038146973,8.350000381469727,7.110000133514404,8.1899995803833,2442000.0,0.0,0.0,MZDAY
2016-12-01,8.15999984741211,8.710000038146973,8.039999961853027,8.130000114440918,2032700.0,0.0,0.0,MZDAY
2017-01-01,8.15999984741211,8.390000343322754,7.210000038146973,7.300000190734863,1792100.0,0.0,0.0,MZDAY
2017-02-01,7.21999979019165,7.269999980926514,6.730000019073486,6.929999828338623,1995700.0,0.0,0.0,MZDAY
2017-03-01,7.289999961853027,7.340000152587891,6.96999979019165,7.179999828338623,2652600.0,0.0,0.0,MZDAY
2017-04-01,7.070000171661377,7.429999828338623,6.670000076293945,7.369999885559082,2716800.0,0.0,0.0,MZDAY
2017-05-01,7.050000190734863,7.199999809265137,6.699999809265137,6.789999961853027,2311100.0,0.0,0.0,MZDAY
2017-06-01,6.78000020980835,7.0,6.639999866485596,6.96999979019165,3159800.0,0.0,0.0,MZDAY
2017-07-01,6.909999847412109,7.510000228881836,6.880000114440918,7.510000228881836,2093500.0,0.0,0.0,MZDAY
2017-08-01,7.869999885559082,8.029999732971191,7.179999828338623,7.329999923706055,2209700.0,0.0,0.0,MZDAY
2017-09-01,7.369999885559082,7.75,7.099999904632568,7.619999885559082,1545100.0,0.0,0.0,MZDAY
2017-10-01,7.670000076293945,7.75,6.96999979019165,7.159999847412109,28162600.0,0.0,0.0,MZDAY
2017-11-01,7.190000057220459,7.210000038146973,6.570000171661377,6.690000057220459,1520700.0,0.0,0.0,MZDAY
2017-12-01,6.579999923706055,6.699999809265137,6.460000038146973,6.639999866485596,1104000.0,0.0,0.0,MZDAY
2018-01-01,6.639999866485596,7.260000228881836,6.639999866485596,7.03000020980835,683200.0,0.0,0.0,MZDAY
2018-02-01,7.019999980926514,7.090000152587891,6.639999866485596,6.920000076293945,713500.0,0.0,0.0,MZDAY
2018-03-01,6.820000171661377,6.860000133514404,6.440000057220459,6.679999828338623,898500.0,0.0,0.0,MZDAY
2018-04-01,6.650000095367432,6.96999979019165,6.449999809265137,6.75,797000.0,0.0,0.0,MZDAY
2018-05-01,6.809999942779541,6.809999942779541,6.199999809265137,6.210000038146973,724400.0,0.0,0.0,MZDAY
2018-06-01,6.289999961853027,6.460000038146973,5.980000019073486,6.079999923706055,1475400.0,0.0,0.0,MZDAY
2018-07-01,6.050000190734863,6.21999979019165,5.820000171661377,6.190000057220459,1900400.0,0.0,0.0,MZDAY
2018-08-01,6.349999904632568,6.349999904632568,5.679999828338623,5.739999771118164,1729700.0,0.0,0.0,MZDAY
2018-09-01,5.610000133514404,6.0,5.480000019073486,5.960000038146973,1447900.0,0.0,0.0,MZDAY
2018-10-01,5.920000076293945,5.96999979019165,5.039999961853027,5.210000038146973,2052800.0,0.0,0.0,MZDAY
2018-11-01,5.309999942779541,5.480000019073486,5.059999942779541,5.269999980926514,2236500.0,0.0,0.0,MZDAY
2018-12-01,5.440000057220459,5.5,4.900000095367432,5.090000152587891,2879900.0,0.0,0.0,MZDAY
2019-01-01,5.099999904632568,5.53000020980835,5.070000171661377,5.489999771118164,1233700.0,0.0,0.0,MZDAY
2019-02-01,5.46999979019165,5.889999866485596,5.440000057220459,5.840000152587891,547900.0,0.0,0.0,MZDAY
2019-03-01,5.860000133514404,5.889999866485596,5.389999866485596,5.559999942779541,691900.0,0.0,0.0,MZDAY
2019-04-01,5.639999866485596,6.050000190734863,5.639999866485596,5.880000114440918,355300.0,0.0,0.0,MZDAY
2019-05-01,5.900000095367432,5.929999828338623,4.760000228881836,4.829999923706055,781000.0,0.0,0.0,MZDAY
2019-06-01,4.820000171661377,5.210000038146973,4.820000171661377,5.159999847412109,1796600.0,0.0,0.0,MZDAY
2019-07-01,5.309999942779541,5.309999942779541,4.699999809265137,4.760000228881836,1516500.0,0.0,0.0,MZDAY
2019-08-01,4.769999980926514,4.869999885559082,4.010000228881836,4.130000114440918,3087500.0,0.0,0.0,MZDAY
2019-09-01,4.099999904632568,4.690000057220459,4.070000171661377,4.429999828338623,2036700.0,0.0,0.0,MZDAY
2019-10-01,4.5,4.679999828338623,4.289999961853027,4.559999942779541,1901400.0,0.0,0.0,MZDAY
2019-11-01,4.5,4.630000114440918,4.329999923706055,4.400000095367432,426300.0,0.0,0.0,MZDAY
2019-12-01,4.360000133514404,4.400000095367432,4.199999809265137,4.21999979019165,1035600.0,0.0,0.0,MZDAY
2020-01-01,4.289999961853027,4.599999904632568,4.150000095367432,4.170000076293945,1108800.0,0.0,0.0,MZDAY
2020-02-01,4.170000076293945,4.329999923706055,3.2799999713897705,3.359999895095825,2484900.0,0.0,0.0,MZDAY
2020-03-01,3.369999885559082,3.630000114440918,2.5,2.6600000858306885,7111100.0,0.0,0.0,MZDAY
2020-04-01,2.509999990463257,2.930000066757202,2.2799999713897705,2.7799999713897705,5202300.0,0.0,0.0,MZDAY
2020-05-01,2.7200000286102295,3.5999999046325684,2.549999952316284,3.1700000762939453,3212000.0,0.0,0.0,MZDAY
2020-06-01,3.140000104904175,3.9000000953674316,2.8299999237060547,2.940000057220459,916600.0,0.0,0.0,MZDAY
2020-07-01,3.0299999713897705,3.380000114440918,2.819999933242798,2.9700000286102295,1109200.0,0.0,0.0,MZDAY
2020-08-01,2.8399999141693115,3.200000047683716,2.690000057220459,3.1700000762939453,1445900.0,0.0,0.0,MZDAY
2020-09-01,3.1600000858306885,3.259999990463257,2.799999952316284,2.880000114440918,1219900.0,0.0,0.0,MZDAY
2020-10-01,2.950000047683716,3.0199999809265137,2.569999933242798,2.5799999237060547,2145300.0,0.0,0.0,MZDAY
2020-11-01,2.7699999809265137,3.200000047683716,2.609999895095825,2.930000066757202,1565200.0,0.0,0.0,MZDAY
2020-12-01,3.0899999141693115,3.4100000858306885,2.990000009536743,3.3399999141693115,1239000.0,0.0,0.0,MZDAY
2021-01-01,3.319999933242798,3.8499999046325684,3.0899999141693115,3.569999933242798,950200.0,0.0,0.0,MZDAY
2021-02-01,3.7100000381469727,4.570000171661377,3.569999933242798,3.9700000286102295,1159600.0,0.0,0.0,MZDAY
2021-03-01,4.079999923706055,4.369999885559082,3.880000114440918,4.090000152587891,1040600.0,0.0,0.0,MZDAY
2021-04-01,4.050000190734863,4.199999809265137,3.759999990463257,3.8499999046325684,1119900.0,0.0,0.0,MZDAY
2021-05-01,3.930000066757202,4.389999866485596,3.740000009536743,4.349999904632568,1355700.0,0.0,0.0,MZDAY
2021-06-01,4.360000133514404,4.900000095367432,4.230000019073486,4.659999847412109,1249000.0,0.0,0.0,MZDAY
2021-07-01,4.75,4.980000019073486,4.400000095367432,4.880000114440918,747300.0,0.0,0.0,MZDAY
2014-01-01,12.949999809265137,13.574999809265137,12.029999732971191,12.032500267028809,292000.0,0.0,0.0,DODGX
2014-02-01,11.6850004196167,12.537500381469727,11.175000190734863,12.029999732971191,233200.0,0.0,0.0,DODGX
2014-03-01,11.609999656677246,11.975000381469727,10.324999809265137,11.125,139600.0,0.0,0.0,DODGX
2014-04-01,11.324999809265137,11.574999809265137,10.672499656677246,11.305000305175781,123600.0,0.0,0.0,DODGX
2014-05-01,11.3125,11.510000228881836,10.162500381469727,10.899999618530273,82000.0,0.0,0.0,DODGX
2014-06-01,11.074999809265137,12.177499771118164,11.055000305175781,11.787500381469727,148400.0,0.0,0.0,DODGX
2014-07-01,11.897500038146973,12.912500381469727,11.892499923706055,12.5,153600.0,0.0,0.0,DODGX
2014-08-01,12.567500114440918,13.550000190734863,11.550000190734863,11.739999771118164,72100.0,0.0,0.0,DODGX
2014-09-01,12.010000228881836,12.720000267028809,11.800000190734863,12.5600004196167,81300.0,0.0,0.0,DODGX
2014-10-01,12.369999885559082,12.369999885559082,10.300000190734863,11.600000381469727,235900.0,0.0,0.0,DODGX
2014-11-01,11.680000305175781,13.079999923706055,11.619999885559082,12.9399995803833,137700.0,0.0,0.0,DODGX
2014-12-01,13.229999542236328,13.40999984741211,11.760000228881836,12.069999694824219,347300.0,0.0,0.0,DODGX
2015-01-01,12.100000381469727,12.149999618530273,10.239999771118164,10.300000190734863,3553500.0,0.0,0.0,DODGX
2015-02-01,10.380000114440918,10.829999923706055,9.869999885559082,10.720000267028809,703100.0,0.0,0.0,DODGX
2015-03-01,10.59000015258789,10.59000015258789,9.75,10.149999618530273,1569100.0,0.0,0.0,DODGX
2015-04-01,9.859999656677246,10.420000076293945,9.25,9.75,554800.0,0.0,0.0,DODGX
2015-05-01,9.779999732971191,10.829999923706055,9.75,10.609999656677246,387500.0,0.0,0.0,DODGX
2015-06-01,10.59000015258789,10.930000305175781,9.5600004196167,9.789999961853027,264900.0,0.0,0.0,DODGX
2015-07-01,9.760000228881836,10.119999885559082,9.260000228881836,9.770000457763672,990400.0,0.0,0.0,DODGX
2015-08-01,9.65999984741211,9.850000381469727,8.039999961853027,8.550000190734863,592400.0,0.0,0.0,DODGX
2015-09-01,7.949999809265137,8.220000267028809,7.440000057220459,7.869999885559082,908000.0,0.0,0.0,DODGX
2015-10-01,8.229999542236328,10.100000381469727,8.0,9.819999694824219,964000.0,0.0,0.0,DODGX
2015-11-01,9.920000076293945,10.649999618530273,9.8100004196167,10.489999771118164,527700.0,0.0,0.0,DODGX
2015-12-01,10.550000190734863,10.699999809265137,10.010000228881836,10.329999923706055,2454700.0,0.0,0.0,DODGX
2016-01-01,10.100000381469727,10.100000381469727,8.020000457763672,9.069999694824219,732700.0,0.0,0.0,DODGX
2016-02-01,9.100000381469727,9.149999618530273,6.650000095367432,6.880000114440918,1158500.0,0.0,0.0,DODGX
2016-03-01,6.900000095367432,7.840000152587891,6.829999923706055,7.820000171661377,579300.0,0.0,0.0,DODGX
2016-04-01,7.369999885559082,8.300000190734863,6.5,7.849999904632568,17462500.0,0.0,0.0,DODGX
2016-05-01,7.690000057220459,8.539999961853027,7.630000114440918,8.470000267028809,3887300.0,0.0,0.0,DODGX
2016-06-01,8.369999885559082,8.5600004196167,6.550000190734863,6.639999866485596,6553600.0,0.0,0.0,DODGX
2016-07-01,6.599999904632568,7.53000020980835,6.039999961853027,7.380000114440918,2953300.0,0.0,0.0,DODGX
2016-08-01,7.320000171661377,8.25,7.099999904632568,8.239999771118164,1998200.0,0.0,0.0,DODGX
2016-09-01,8.34000015258789,8.350000381469727,7.510000228881836,7.619999885559082,1901900.0,0.0,0.0,DODGX
2016-10-01,7.550000190734863,8.229999542236328,7.510000228881836,8.180000305175781,1547300.0,0.0,0.0,DODGX
2016-11-01,8.210000038146973,8.350000381469727,7.110000133514404,8.1899995803833,2442000.0,0.0,0.0,DODGX
2016-12-01,8.15999984741211,8.710000038146973,8.039999961853027,8.130000114440918,2032700.0,0.0,0.0,DODGX
2017-01-01,8.15999984741211,8.390000343322754,7.210000038146973,7.300000190734863,1792100.0,0.0,0.0,DODGX
2017-02-01,7.21999979019165,7.269999980926514,6.730000019073486,6.929999828338623,1995700.0,0.0,0.0,DODGX
2017-03-01,7.289999961853027,7.340000152587891,6.96999979019165,7.179999828338623,2652600.0,0.0,0.0,DODGX
2017-04-01,7.070000171661377,7.429999828338623,6.670000076293945,7.369999885559082,2716800.0,0.0,0.0,DODGX
2017-05-01,7.050000190734863,7.199999809265137,6.699999809265137,6.789999961853027,2311100.0,0.0,0.0,DODGX
2017-06-01,6.78000020980835,7.0,6.639999866485596,6.96999979019165,3159800.0,0.0,0.0,DODGX
2017-07-01,6.909999847412109,7.510000228881836,6.880000114440918,7.510000228881836,2093500.0,0.0,0.0,DODGX
2017-08-01,7.869999885559082,8.029999732971191,7.179999828338623,7.329999923706055,2209700.0,0.0,0.0,DODGX
2017-09-01,7.369999885559082,7.75,7.099999904632568,7.619999885559082,1545100.0,0.0,0.0,DODGX
2017-10-01,7.670000076293945,7.75,6.96999979019165,7.159999847412109,28162600.0,0.0,0.0,DODGX
2017-11-01,7.190000057220459,7.210000038146973,6.570000171661377,6.690000057220459,1520700.0,0.0,0.0,DODGX
2017-12-01,6.579999923706055,6.699999809265137,6.460000038146973,6.639999866485596,1104000.0,0.0,0.0,DODGX
2018-01-01,6.639999866485596,7.260000228881836,6.639999866485596,7.03000020980835,683200.0,0.0,0.0,DODGX
2018-02-01,7.019999980926514,7.090000152587891,6.639999866485596,6.920000076293945,713500.0,0.0,0.0,DODGX
2018-03-01,6.820000171661377,6.860000133514404,6.440000057220459,6.679999828338623,898500.0,0.0,0.0,DODGX
2018-04-01,6.650000095367432,6.96999979019165,6.449999809265137,6.75,797000.0,0.0,0.0,DODGX
2018-05-01,6.809999942779541,6.809999942779541,6.199999809265137,6.210000038146973,724400.0,0.0,0.0,DODGX
2018-06-01,6.289999961853027,6.460000038146973,5.980000019073486,6.079999923706055,1475400.0,0.0,0.0,DODGX
2018-07-01,6.050000190734863,6.21999979019165,5.820000171661377,6.190000057220459,1900400.0,0.0,0.0,DODGX
2018-08-01,6.349999904632568,6.349999904632568,5.679999828338623,5.739999771118164,1729700.0,0.0,0.0,DODGX
2018-09-01,5.610000133514404,6.0,5.480000019073486,5.960000038146973,1447900.0,0.0,0.0,DODGX
2018-10-01,5.920000076293945,5.96999979019165,5.039999961853027,5.210000038146973,2052800.0,0.0,0.0,DODGX
2018-11-01,5.309999942779541,5.480000019073486,5.059999942779541,5.269999980926514,2236500.0,0.0,0.0,DODGX
2018-12-01,5.440000057220459,5.5,4.900000095367432,5.090000152587891,2879900.0,0.0,0.0,DODGX
2019-01-01,5.099999904632568,5.53000020980835,5.070000171661377,5.489999771118164,1233700.0,0.0,0.0,DODGX
2019-02-01,5.46999979019165,5.889999866485596,5.440000057220459,5.840000152587891,547900.0,0.0,0.0,DODGX
2019-03-01,5.860000133514404,5.889999866485596,5.389999866485596,5.559999942779541,691900.0,0.0,0.0,DODGX
2019-04-01,5.639999866485596,6.050000190734863,5.639999866485596,5.880000114440918,355300.0,0.0,0.0,DODGX
2019-05-01,5.900000095367432,5.929999828338623,4.760000228881836,4.829999923706055,781000.0,0.0,0.0,DODGX
2019-06-01,4.820000171661377,5.210000038146973,4.820000171661377,5.159999847412109,1796600.0,0.0,0.0,DODGX
2019-07-01,5.309999942779541,5.309999942779541,4.699999809265137,4.760000228881836,1516500.0,0.0,0.0,DODGX
2019-08-01,4.769999980926514,4.869999885559082,4.010000228881836,4.130000114440918,3087500.0,0.0,0.0,DODGX
2019-09-01,4.099999904632568,4.690000057220459,4.070000171661377,4.429999828338623,2036700.0,0.0,0.0,DODGX
2019-10-01,4.5,4.679999828338623,4.289999961853027,4.559999942779541,1901400.0,0.0,0.0,DODGX
2019-11-01,4.5,4.630000114440918,4.329999923706055,4.400000095367432,426300.0,0.0,0.0,DODGX
2019-12-01,4.360000133514404,4.400000095367432,4.199999809265137,4.21999979019165,1035600.0,0.0,0.0,DODGX
2020-01-01,4.289999961853027,4.599999904632568,4.150000095367432,4.170000076293945,1108800.0,0.0,0.0,DODGX
2020-02-01,4.170000076293945,4.329999923706055,3.2799999713897705,3.359999895095825,2484900.0,0.0,0.0,DODGX
2020-03-01,3.369999885559082,3.630000114440918,2.5,2.6600000858306885,7111100.0,0.0,0.0,DODGX
2020-04-01,2.509999990463257,2.930000066757202,2.2799999713897705,2.7799999713897705,5202300.0,0.0,0.0,DODGX
2020-05-01,2.7200000286102295,3.5999999046325684,2.549999952316284,3.1700000762939453,3212000.0,0.0,0.0,DODGX
2020-06-01,3.140000104904175,3.9000000953674316,2.8299999237060547,2.940000057220459,916600.0,0.0,0.0,DODGX
2020-07-01,3.0299999713897705,3.380000114440918,2.819999933242798,2.9700000286102295,1109200.0,0.0,0.0,DODGX
2020-08-01,2.8399999141693115,3.200000047683716,2.690000057220459,3.1700000762939453,1445900.0,0.0,0.0,DODGX
2020-09-01,3.1600000858306885,3.259999990463257,2.799999952316284,2.880000114440918,1219900.0,0.0,0.0,DODGX
2020-10-01,2.950000047683716,3.0199999809265137,2.569999933242798,2.5799999237060547,2145300.0,0.0,0.0,DODGX
2020-11-01,2.7699999809265137,3.200000047683716,2.609999895095825,2.930000066757202,1565200.0,0.0,0.0,DODGX
2020-12-01,3.0899999141693115,3.4100000858306885,2.990000009536743,3.3399999141693115,1239000.0,0.0,0.0,DODGX
2021-01-01,3.319999933242798,3.8499999046325684,3.0899999141693115,3.569999933242798,950200.0,0.0,0.0,DODGX
2021-02-01,3.7100000381469727,4.570000171661377,3.569999933242798,3.9700000286102295,1159600.0,0.0,0.0,DODGX
2021-03-01,4.079999923706055,4.369999885559082,3.880000114440918,4.090000152587891,1040600.0,0.0,0.0,DODGX
2021-04-01,4.050000190734863,4.199999809265137,3.759999990463257,3.8499999046325684,1119900.0,0.0,0.0,DODGX
2021-05-01,3.930000066757202,4.389999866485596,3.740000009536743,4.349999904632568,1355700.0,0.0,0.0,DODGX
2021-06-01,4.360000133514404,4.900000095367432,4.230000019073486,4.659999847412109,1249000.0,0.0,0.0,DODGX
2021-07-01,4.75,4.980000019073486,4.400000095367432,4.880000114440918,747300.0,0.0,0.0,DODGX
